review_id,sample_id,target_paper,case_type,task_mode,difficulty,review_reason,requirement_nl,clarified_requirement,oracle_answer,signal_context,predicted_formula,gold_formula,alternative_gold_stl,predicted_question,gold_clarification_question,equivalence_hint,affected_condition_count,affected_conditions,reviewer_1_decision,reviewer_1_error_category,reviewer_1_notes,reviewer_2_decision,reviewer_2_error_category,reviewer_2_notes,final_decision,final_error_category,final_notes
MR-001,NLSTL150-007,DeepSTL,limitation_probe,translate,3,Valid but non-identical formula; semantic equivalence not established,"At all times, at least one of the primary, secondary, or emergency pump must be running.",,,"Boolean (1=true, 0=false): `pump_primary`, `pump_secondary`, `pump_emergency`. Time: seconds. Use these exact identifiers; do not create aliases.",G(pump_primary | pump_secondary | pump_emergency),G((pump_primary = 1) | (pump_secondary = 1) | (pump_emergency = 1)),,,,"Possible Boolean-shorthand equivalence (e.g., x versus x = 1); confirm signal_context declares the identifier Boolean.",1,Anthropic direct,,,,,,,,,
MR-002,NLSTL150-010,DeepSTL,limitation_probe,translate,3,Valid but non-identical formula; semantic equivalence not established,"The door must be closed now, and a lock confirmation must arrive within 2 seconds.",,,"Boolean (1=true, 0=false): `door_closed`, `lock_confirmed`. Time: seconds. Use these exact identifiers; do not create aliases.","door_closed & F[0,2](lock_confirmed)","(door_closed = 1) & F[0,2](lock_confirmed = 1)",,,,,1,Anthropic direct,,,,,,,,,
MR-003,NLSTL150-011,DeepSTL,limitation_probe,translate,4,Valid but non-identical formula; semantic equivalence not established,"Whenever a fault occurs, recovery must begin within 5 seconds and then remain active for 10 seconds.",,,"Boolean (1=true, 0=false): `fault`, `recovery`. Semantics: `rise(p)` = false-to-true edge. Time: seconds. Use these exact identifiers; do not create aliases.","G(rise(fault) -> F[0,5](rise(recovery) & G[0,10](recovery)))","G(rise(fault = 1) -> F[0,5](G[0,10](recovery = 1)))",,,,,3,Anthropic direct; Clarify-inspired OpenAI; OpenAI direct,,,,,,,,,
MR-004,NLSTL150-012,DeepSTL,limitation_probe,translate,4,Valid but non-identical formula; semantic equivalence not established,The robot must remain outside the hazard zone until it reaches the charging station within 60 seconds.,,,"Boolean (1=true, 0=false): `hazard_zone`, `charging_station`. Time: seconds. Use these exact identifiers; do not create aliases.","(!hazard_zone) U[0,60] (charging_station)","(!(hazard_zone = 1)) U[0,60] (charging_station = 1)",,,,,3,Anthropic direct; Clarify-inspired Anthropic; OpenAI direct,,,,,,,,,
MR-005,NLSTL150-012,DeepSTL,limitation_probe,translate,4,Valid but non-identical formula; semantic equivalence not established,The robot must remain outside the hazard zone until it reaches the charging station within 60 seconds.,,,"Boolean (1=true, 0=false): `hazard_zone`, `charging_station`. Time: seconds. Use these exact identifiers; do not create aliases.","(hazard_zone = 0) U[0,60] (charging_station = 1)","(!(hazard_zone = 1)) U[0,60] (charging_station = 1)",,,,,1,Clarify-inspired OpenAI,,,,,,,,,
MR-006,NLSTL150-013,DeepSTL,limitation_probe,translate,5,Valid but non-identical formula; semantic equivalence not established,"Whenever reset is issued, the fault flag must have been false throughout the preceding 5 seconds.",,,"Boolean (1=true, 0=false): `reset`, `fault`. Time: seconds. Use these exact identifiers; do not create aliases.","G(reset -> H[0,5](!fault))","G((reset = 1) -> H[0,5](fault = 0))",,,,,1,Anthropic direct,,,,,,,,,
MR-007,NLSTL150-014,DeepSTL,limitation_probe,translate,5,Valid but non-identical formula; semantic equivalence not established,The warning must have remained active since the most recent loss-of-signal event.,,,"Boolean (1=true, 0=false): `warning`, `loss_of_signal`. Time: follows the requirement; unbounded operators have no finite interval. Use these exact identifiers; do not create aliases.",(warning) S (loss_of_signal),(warning = 1) S (loss_of_signal = 1),,,,,1,Anthropic direct,,,,,,,,,
MR-008,NLSTL150-015,DeepSTL,limitation_probe,translate,4,Valid but non-identical formula; semantic equivalence not established,"Whenever enable rises, output must turn on within 1 second; whenever enable falls, output must turn off within 1 second.",,,"Boolean (1=true, 0=false): `enable`, `output`. Semantics: `rise(p)` = false-to-true edge; `fall(p)` = true-to-false edge. Time: seconds. Use these exact identifiers; do not create aliases.","G((rise(enable = 1)) -> F[0,1](rise(output = 1))) & G((fall(enable = 1)) -> F[0,1](fall(output = 1)))","G(rise(enable = 1) -> F[0,1](output = 1)) & G(fall(enable = 1) -> F[0,1](output = 0))",,,,,1,Clarify-inspired OpenAI,,,,,,,,,
MR-009,NLSTL150-015,DeepSTL,limitation_probe,translate,4,Valid but non-identical formula; semantic equivalence not established,"Whenever enable rises, output must turn on within 1 second; whenever enable falls, output must turn off within 1 second.",,,"Boolean (1=true, 0=false): `enable`, `output`. Semantics: `rise(p)` = false-to-true edge; `fall(p)` = true-to-false edge. Time: seconds. Use these exact identifiers; do not create aliases.","G(rise(enable) -> F[0,1](output = 1)) & G(fall(enable) -> F[0,1](output = 0))","G(rise(enable = 1) -> F[0,1](output = 1)) & G(fall(enable = 1) -> F[0,1](output = 0))",,,,,2,Anthropic direct; OpenAI direct,,,,,,,,,
MR-010,NLSTL150-020,DeepSTL,limitation_probe,clarify_then_translate,4,Valid but non-identical formula; semantic equivalence not established,"Within 20 seconds, if signal A rises, signal B must stay below 3.","Whenever signal A rises, signal B must remain below 3 for the next 20 seconds.",It starts when signal A rises.,"Numeric: `B`. Boolean (1=true, 0=false): `A`. Semantics: `rise(p)` = false-to-true edge. Time: seconds. Use these exact identifiers; do not create aliases.","G(rise(A) -> G[0,20](B < 3))","G(rise(A = 1) -> G[0,20](B < 3))",,"For how long after A rises must B remain below 3 (e.g., until 20 seconds from the start, for 20 seconds after the rise, or indefinitely)?","Does the 20-second interval start now, or when signal A rises?",,3,Clarify-inspired Anthropic; Clarify-inspired OpenAI; OpenAI direct,,,,,,,,,
MR-011,NLSTL150-022,DeepSTL,limitation_probe,clarify_then_translate,3,Valid but non-identical formula; semantic equivalence not established,"After a request, the grant should arrive soon.",Every request must be followed by a grant within 3 seconds.,At most 3 seconds.,"Boolean (1=true, 0=false): `request`, `grant`. Semantics: `rise(p)` = false-to-true edge. Time: seconds. Use these exact identifiers; do not create aliases.","G((rise(request)) -> (F[0,3](grant)))","G(rise(request = 1) -> F[0,3](grant = 1))",,"What is the exact time bound (interval, e.g., within X time units) that defines 'soon' for the grant to arrive after a request?",What is the maximum delay allowed for the grant?,,1,Anthropic direct,,,,,,,,,
MR-012,NLSTL150-022,DeepSTL,limitation_probe,clarify_then_translate,3,Valid but non-identical formula; semantic equivalence not established,"After a request, the grant should arrive soon.",Every request must be followed by a grant within 3 seconds.,At most 3 seconds.,"Boolean (1=true, 0=false): `request`, `grant`. Semantics: `rise(p)` = false-to-true edge. Time: seconds. Use these exact identifiers; do not create aliases.","G(rise(request) -> F[0,3](grant = 1))","G(rise(request = 1) -> F[0,3](grant = 1))",,"What is the exact maximum time bound (e.g., within N time units) within which grant must become true after request, and should this be triggered on each rising edge of request or whenever request holds true?",What is the maximum delay allowed for the grant?,,1,Clarify-inspired Anthropic,,,,,,,,,
MR-013,NLSTL150-022,DeepSTL,limitation_probe,clarify_then_translate,3,Valid but non-identical formula; semantic equivalence not established,"After a request, the grant should arrive soon.",Every request must be followed by a grant within 3 seconds.,At most 3 seconds.,"Boolean (1=true, 0=false): `request`, `grant`. Semantics: `rise(p)` = false-to-true edge. Time: seconds. Use these exact identifiers; do not create aliases.","G(rise(request) -> F[0,3](rise(grant)))","G(rise(request = 1) -> F[0,3](grant = 1))",,What time interval should define “soon” for the grant after a request?,What is the maximum delay allowed for the grant?,,2,Clarify-inspired OpenAI; OpenAI direct,,,,,,,,,
MR-014,NLSTL150-023,DeepSTL,limitation_probe,clarify_then_translate,3,"Formula exact, but clarification question may target the wrong slot",The backup controller must take over when necessary.,"Whenever primary_ok equals 0, the backup controller must take over.",When primary_ok equals 0.,"Boolean (1=true, 0=false): `primary_ok`, `backup_active`. Time: follows the requirement; unbounded operators have no finite interval. Use these exact identifiers; do not create aliases.",G((primary_ok = 0) -> (backup_active = 1)),G((primary_ok = 0) -> (backup_active = 1)),,"What exact condition defines “when necessary” (using `primary_ok` and/or `backup_active`), and must `backup_active` become true immediately or within a specified time bound?",Which observable condition makes takeover necessary?,Formula is exact; adjudicate only whether the clarification question targets the annotated missing slot.,1,OpenAI direct,,,,,,,,,
MR-015,NLSTL150-023,DeepSTL,limitation_probe,clarify_then_translate,3,Valid but non-identical formula; semantic equivalence not established,The backup controller must take over when necessary.,"Whenever primary_ok equals 0, the backup controller must take over.",When primary_ok equals 0.,"Boolean (1=true, 0=false): `primary_ok`, `backup_active`. Time: follows the requirement; unbounded operators have no finite interval. Use these exact identifiers; do not create aliases.",G((primary_ok = 0) -> F(backup_active = 1)),G((primary_ok = 0) -> (backup_active = 1)),,"Should 'necessary' be defined as primary_ok becoming false (primary_ok=0), and if so, within what time bound after that must backup_active become true?",Which observable condition makes takeover necessary?,,1,Clarify-inspired Anthropic,,,,,,,,,
MR-016,NLSTL150-023,DeepSTL,limitation_probe,clarify_then_translate,3,Valid but non-identical formula; semantic equivalence not established,The backup controller must take over when necessary.,"Whenever primary_ok equals 0, the backup controller must take over.",When primary_ok equals 0.,"Boolean (1=true, 0=false): `primary_ok`, `backup_active`. Time: follows the requirement; unbounded operators have no finite interval. Use these exact identifiers; do not create aliases.",G((primary_ok = 0) -> backup_active),G((primary_ok = 0) -> (backup_active = 1)),,"What condition defines 'when necessary' for backup takeover — specifically, should this be interpreted as backup_active becoming true whenever primary_ok is false (i.e., !primary_ok -> backup_active), or is there a different triggering condition intended?",Which observable condition makes takeover necessary?,"Possible Boolean-shorthand equivalence (e.g., x versus x = 1); confirm signal_context declares the identifier Boolean.",1,Anthropic direct,,,,,,,,,
MR-017,NLSTL150-024,DeepSTL,limitation_probe,translate,4,Valid but non-identical formula; semantic equivalence not established,"After a request, acknowledge within 1 second, begin service within 5 seconds, and finish within 20 seconds.",,,"Boolean (1=true, 0=false): `request`, `ack`, `service_started`, `service_done`. Semantics: `rise(p)` = false-to-true edge. Time: seconds. Use these exact identifiers; do not create aliases.","G(rise(request) -> (F[0,1](ack) & F[0,5](service_started) & F[0,20](service_done)))","G(rise(request = 1) -> (F[0,1](ack = 1) & F[0,5](service_started = 1) & F[0,20](service_done = 1)))",,,,,1,Anthropic direct,,,,,,,,,
MR-018,NLSTL150-024,DeepSTL,limitation_probe,translate,4,Valid but non-identical formula; semantic equivalence not established,"After a request, acknowledge within 1 second, begin service within 5 seconds, and finish within 20 seconds.",,,"Boolean (1=true, 0=false): `request`, `ack`, `service_started`, `service_done`. Semantics: `rise(p)` = false-to-true edge. Time: seconds. Use these exact identifiers; do not create aliases.","G(rise(request) -> (F[0,1](rise(ack)) & F[0,5](rise(service_started)) & F[0,20](rise(service_done))))","G(rise(request = 1) -> (F[0,1](ack = 1) & F[0,5](service_started = 1) & F[0,20](service_done = 1)))",,,,,2,Clarify-inspired OpenAI; OpenAI direct,,,,,,,,,
MR-019,NLSTL150-025,DeepSTL,limitation_probe,translate,5,Valid but non-identical formula; semantic equivalence not established,"Between times 20 and 50, x1 plus x2 must not exceed 1.5 unless x3 becomes greater than 2 within 4 time units.",,,"Numeric: `x1`, `x2`, `x3`. Time: abstract benchmark time units. Use these exact identifiers; do not create aliases.","G[20,50]((x1 + x2 <= 1.5) U[0,4] (x3 > 2))","G[20,50](((x1 + x2) <= 1.5) U[2,4](x3 > 2))",,,,,1,Anthropic direct,,,,,,,,,
MR-020,NLSTL150-027,DeepSTL,limitation_probe,translate,5,Valid but non-identical formula; semantic equivalence not established,"Whenever temperature leaves the interval 20 to 30, it must return to that interval within 6 seconds and stay there for 4 seconds.",,,Numeric: `temperature`. Time: seconds. Use these exact identifiers; do not create aliases.,"G((temperature < 20 | temperature > 30) -> F[0,6](G[0,4](temperature >= 20 & temperature <= 30)))","G((!((temperature >= 20) & (temperature <= 30))) -> F[0,6](G[0,4]((temperature >= 20) & (temperature <= 30))))",,,,,1,Anthropic direct,,,,,,,,,
MR-021,NLSTL150-030,DeepSTL,limitation_probe,translate,5,Valid but non-identical formula; semantic equivalence not established,Every goal region must be visited by at least one of the three robots before 90 seconds while all robot pairs remain at least 1 metre apart.,,,"Numeric: `d12`, `d13`, `d23`. Boolean (1=true, 0=false): `goal_1_r1`, `goal_1_r2`, `goal_1_r3`, `goal_2_r1`, `goal_2_r2`, `goal_2_r3`. Time: seconds. Use these exact identifiers; do not create aliases.","(F[0,90](goal_1_r1 = 1 | goal_1_r2 = 1 | goal_1_r3 = 1) & F[0,90](goal_2_r1 = 1 | goal_2_r2 = 1 | goal_2_r3 = 1)) & G(d12 >= 1 & d13 >= 1 & d23 >= 1)","(F[0,90](goal_1_r1 | goal_1_r2 | goal_1_r3) & F[0,90](goal_2_r1 | goal_2_r2 | goal_2_r3)) & G((d12 >= 1) & (d13 >= 1) & (d23 >= 1))",,,,,1,OpenAI direct,,,,,,,,,
MR-022,NLSTL150-031,STL-DivEn/KGST,expected_strength,translate,5,Valid but non-identical formula; semantic equivalence not established,"Between time 20 and 50, the sum of signals x1 and x2 must not exceed 1.5, unless within 2 to 4 time units later x3 exceeds 2.",,,"Numeric: `x1`, `x2`, `x3`. Time: abstract benchmark time units. Use these exact identifiers; do not create aliases.","G[20,50]((x1 + x2 <= 1.5) | F[2,4](x3 > 2))","G[20,50](((x1 + x2) <= 1.5) U[2,4](x3 > 2))",,,,,1,OpenAI direct,,,,,,,,,
MR-023,NLSTL150-032,STL-DivEn/KGST,expected_strength,translate,5,Valid but non-identical formula; semantic equivalence not established,"Whenever z2 is below -0.5 or above 0.5 during the first 500 time units, z1 must exceed 1 within 200 time units and stay above 1 for at least 50 time units.",,,"Numeric: `z2`, `z1`. Semantics: `abs(x)` = absolute value. Time: abstract benchmark time units. Use these exact identifiers; do not create aliases.","G[0,500](((z2 < -0.5 | z2 > 0.5) -> F[0,200]((z1 > 1) & G[0,50](z1 > 1))))","G[0,500]((abs(z2) > 0.5) -> F[0,200](G[0,50](z1 > 1)))",,,,,1,OpenAI direct,,,,,,,,,
MR-024,NLSTL150-037,STL-DivEn/KGST,limitation_probe,translate,4,Valid but non-identical formula; semantic equivalence not established,"Whenever a request occurs during the first 100 seconds, a response must arrive within 4 seconds.",,,"Boolean (1=true, 0=false): `request`, `response`. Semantics: `rise(p)` = false-to-true edge. Time: seconds. Use these exact identifiers; do not create aliases.","G[0,100](rise(request) -> F[0,4](response = 1))","G[0,100](rise(request = 1) -> F[0,4](response = 1))",,,,,1,Anthropic direct,,,,,,,,,
MR-025,NLSTL150-037,STL-DivEn/KGST,limitation_probe,translate,4,Valid but non-identical formula; semantic equivalence not established,"Whenever a request occurs during the first 100 seconds, a response must arrive within 4 seconds.",,,"Boolean (1=true, 0=false): `request`, `response`. Semantics: `rise(p)` = false-to-true edge. Time: seconds. Use these exact identifiers; do not create aliases.","G[0,100](rise(request) -> F[0,4](response))","G[0,100](rise(request = 1) -> F[0,4](response = 1))",,,,,1,Clarify-inspired Anthropic,,,,,,,,,
MR-026,NLSTL150-037,STL-DivEn/KGST,limitation_probe,translate,4,Valid but non-identical formula; semantic equivalence not established,"Whenever a request occurs during the first 100 seconds, a response must arrive within 4 seconds.",,,"Boolean (1=true, 0=false): `request`, `response`. Semantics: `rise(p)` = false-to-true edge. Time: seconds. Use these exact identifiers; do not create aliases.","G[0,100](rise(request) -> F[0,4](rise(response)))","G[0,100](rise(request = 1) -> F[0,4](response = 1))",,,,,1,OpenAI direct,,,,,,,,,
MR-027,NLSTL150-038,STL-DivEn/KGST,limitation_probe,translate,5,Valid but non-identical formula; semantic equivalence not established,A grant may be issued only if a request occurred within the previous 5 seconds.,,,"Boolean (1=true, 0=false): `grant`, `request`. Time: seconds. Use these exact identifiers; do not create aliases.","G(grant -> O[0,5](request))","G((grant = 1) -> O[0,5](request = 1))",,,,,2,Anthropic direct; Clarify-inspired Anthropic,,,,,,,,,
MR-028,NLSTL150-043,STL-DivEn/KGST,limitation_probe,translate,4,Valid but non-identical formula; semantic equivalence not established,"If A or B is true and C is false, D must occur within 2 seconds.",,,"Boolean (1=true, 0=false): `A`, `B`, `C`, `D`. Time: seconds. Use these exact identifiers; do not create aliases.","G(((A | B) & !C) -> F[0,2](D))","G(((A = 1) | ((B = 1) & (C = 0))) -> F[0,2](D = 1))",,,,,2,Anthropic direct; OpenAI direct,,,,,,,,,
MR-029,NLSTL150-046,STL-DivEn/KGST,limitation_probe,translate,4,Valid but non-identical formula; semantic equivalence not established,"Each time start changes from false to true, ready must be asserted within 3 seconds.",,,"Boolean (1=true, 0=false): `start`, `ready`. Semantics: `rise(p)` = false-to-true edge. Time: seconds. Use these exact identifiers; do not create aliases.","G(rise(start) -> F[0,3](ready = 1))","G(rise(start = 1) -> F[0,3](ready = 1))",,,,,3,Clarify-inspired Anthropic; Clarify-inspired OpenAI; OpenAI direct,,,,,,,,,
MR-030,NLSTL150-046,STL-DivEn/KGST,limitation_probe,translate,4,Valid but non-identical formula; semantic equivalence not established,"Each time start changes from false to true, ready must be asserted within 3 seconds.",,,"Boolean (1=true, 0=false): `start`, `ready`. Semantics: `rise(p)` = false-to-true edge. Time: seconds. Use these exact identifiers; do not create aliases.","G(rise(start) -> F[0,3](ready))","G(rise(start = 1) -> F[0,3](ready = 1))",,,,,1,Anthropic direct,,,,,,,,,
MR-031,NLSTL150-047,STL-DivEn/KGST,limitation_probe,translate,5,Valid but non-identical formula; semantic equivalence not established,Every request must receive its own response within 5 seconds even if requests overlap.,,,"Boolean (1=true, 0=false): `request`, `response`. Semantics: `rise(p)` = false-to-true edge. Time: seconds. Use these exact identifiers; do not create aliases.","G(rise(request) -> F[0,5](response))","G(rise(request = 1) -> F[0,5](response = 1))",,,,,1,Anthropic direct,,,,,,,,,
MR-032,NLSTL150-048,STL-DivEn/KGST,limitation_probe,translate,4,Valid but non-identical formula; semantic equivalence not established,"Whenever A and not A hold, B must occur within 2 seconds.",,,"Boolean (1=true, 0=false): `A`, `B`. Time: seconds. Use these exact identifiers; do not create aliases.","G((A & !A) -> F[0,2](B))","G(((A = 1) & !(A = 1)) -> F[0,2](B = 1))",,,,,2,Clarify-inspired OpenAI; OpenAI direct,,,,,,,,,
MR-033,NLSTL150-050,STL-DivEn/KGST,limitation_probe,translate,5,Valid but non-identical formula; semantic equivalence not established,"Whenever the door unlocks, authorization must have been continuously valid for the previous 10 seconds.",,,"Boolean (1=true, 0=false): `door_unlocked`, `authorization_valid`. Semantics: `rise(p)` = false-to-true edge. Time: seconds. Use these exact identifiers; do not create aliases.","G(rise(door_unlocked) -> H[0,10](authorization_valid))","G(rise(door_unlocked = 1) -> H[0,10](authorization_valid = 1))",,,,,1,Anthropic direct,,,,,,,,,
MR-034,NLSTL150-053,STL-DivEn/KGST,limitation_probe,clarify_then_translate,5,"Formula exact, but clarification question may target the wrong slot","When a vehicle is close, keep at least 2 metres away; the retrieved domain rule defines close as below 3 metres but a second rule defines it as below 5 metres.","Whenever another vehicle is within 3 metres, maintain at least 2 metres of separation.",Use below 3 metres.,"Numeric: `vehicle_distance` [m], `separation` [m]. Time: follows the requirement; unbounded operators have no finite interval. Use these exact identifiers; do not create aliases.",G((vehicle_distance < 3) -> (separation >= 2)),G((vehicle_distance < 3) -> (separation >= 2)),,Two conflicting domain rules define 'close' differently (below 3 metres vs below 5 metres) — which threshold should be used for vehicle_distance to determine 'close'?,Which definition of “close” should govern this requirement?,Formula is exact; adjudicate only whether the clarification question targets the annotated missing slot.,1,Anthropic direct,,,,,,,,,
MR-035,NLSTL150-053,STL-DivEn/KGST,limitation_probe,clarify_then_translate,5,"Formula exact, but clarification question may target the wrong slot","When a vehicle is close, keep at least 2 metres away; the retrieved domain rule defines close as below 3 metres but a second rule defines it as below 5 metres.","Whenever another vehicle is within 3 metres, maintain at least 2 metres of separation.",Use below 3 metres.,"Numeric: `vehicle_distance` [m], `separation` [m]. Time: follows the requirement; unbounded operators have no finite interval. Use these exact identifiers; do not create aliases.",G((vehicle_distance < 3) -> (separation >= 2)),G((vehicle_distance < 3) -> (separation >= 2)),,"Which threshold and signal should define “vehicle is close” (<3 m or <5 m, using `vehicle_distance` or `separation`)?",Which definition of “close” should govern this requirement?,Formula is exact; adjudicate only whether the clarification question targets the annotated missing slot.,1,Clarify-inspired OpenAI,,,,,,,,,
MR-036,NLSTL150-053,STL-DivEn/KGST,limitation_probe,clarify_then_translate,5,"Formula exact, but clarification question may target the wrong slot","When a vehicle is close, keep at least 2 metres away; the retrieved domain rule defines close as below 3 metres but a second rule defines it as below 5 metres.","Whenever another vehicle is within 3 metres, maintain at least 2 metres of separation.",Use below 3 metres.,"Numeric: `vehicle_distance` [m], `separation` [m]. Time: follows the requirement; unbounded operators have no finite interval. Use these exact identifiers; do not create aliases.",G((vehicle_distance < 3) -> (separation >= 2)),G((vehicle_distance < 3) -> (separation >= 2)),,Which threshold should define “a vehicle is close” for this requirement: vehicle_distance < 3 m or vehicle_distance < 5 m?,Which definition of “close” should govern this requirement?,Formula is exact; adjudicate only whether the clarification question targets the annotated missing slot.,1,OpenAI direct,,,,,,,,,
MR-037,NLSTL150-056,STL-DivEn/KGST,limitation_probe,translate,5,Valid but non-identical formula; semantic equivalence not established,"During the first 120 seconds, whenever either sensor A exceeds 5 or sensor B falls below -2, actuator C must respond within 4 seconds, stay active for 6 seconds, and keep error D below 0.1 unless override E is asserted.",,,"Numeric: `A`, `B`, `D`. Boolean (1=true, 0=false): `E`, `C`. Time: seconds. Use these exact identifiers; do not create aliases.","G[0,120](((A > 5) | (B < -2)) -> F[0,4](G[0,6](C = 1 & ((E = 1) | (D < 0.1)))))","G[0,120]((((A > 5) | (B < -2)) & !(E = 1)) -> F[0,4](G[0,6]((C = 1) & (D < 0.1))))",,,,,1,OpenAI direct,,,,,,,,,
MR-038,NLSTL150-056,STL-DivEn/KGST,limitation_probe,translate,5,Valid but non-identical formula; semantic equivalence not established,"During the first 120 seconds, whenever either sensor A exceeds 5 or sensor B falls below -2, actuator C must respond within 4 seconds, stay active for 6 seconds, and keep error D below 0.1 unless override E is asserted.",,,"Numeric: `A`, `B`, `D`. Boolean (1=true, 0=false): `E`, `C`. Time: seconds. Use these exact identifiers; do not create aliases.","G[0,120]((A>5 | B<-2) -> F[0,4](G[0,6]((C=1) & (D<0.1 | E=1))))","G[0,120]((((A > 5) | (B < -2)) & !(E = 1)) -> F[0,4](G[0,6]((C = 1) & (D < 0.1))))",,,,,1,Anthropic direct,,,,,,,,,
MR-039,NLSTL150-057,STL-DivEn/KGST,limitation_probe,clarify_then_translate,4,Valid but non-identical formula; semantic equivalence not established,"When valve A opens while valve B is closed, it must close within 3 seconds.","When valve A opens while valve B is closed, valve A must close within 3 seconds.",Valve A.,"Boolean (1=true, 0=false): `valve_A`, `valve_B`. Time: seconds. Use these exact identifiers; do not create aliases.","G((rise(valve_A) & (valve_B = 0)) -> F[0,3](valve_A = 0))","G(((valve_A = 1) & (valve_B = 0)) -> F[0,3](valve_A = 0))",,"Does 'it must close within 3 seconds' refer to valve_A (the valve that just opened) needing to close again, or to valve_B, and should the triggering condition 'valve A opens while valve B is closed' be interpreted as an instantaneous rising-edge event on valve_A?",Which valve must close within 3 seconds?,Likely transition-versus-state difference: rise(x) is generally stricter than x being true.,1,Clarify-inspired Anthropic,,,,,,,,,
MR-040,NLSTL150-059,STL-DivEn/KGST,limitation_probe,translate,5,Valid but non-identical formula; semantic equivalence not established,"If A, B, C, and D are all true while E is false, then F or G must occur within 5 seconds.",,,"Boolean (1=true, 0=false): `A`, `B`, `C`, `D`, `E`, `Fsig`, `Gsig`. Time: seconds. Use these exact identifiers; do not create aliases.","G((A & B & C & D & !E) -> F[0,5](Fsig | Gsig))","G(((A = 1) & (B = 1) & (C = 1) & (D = 1) & !(E = 1)) -> F[0,5]((Fsig = 1) | (Gsig = 1)))",,,,"Possible Boolean-shorthand equivalence (e.g., x versus x = 1); confirm signal_context declares the identifier Boolean.",2,Anthropic direct; OpenAI direct,,,,,,,,,
MR-041,NLSTL150-061,ChatSTL,expected_strength,translate,4,Valid but non-identical formula; semantic equivalence not established,"On a narrow road, when an oncoming vehicle cannot pass, yield, reverse into a safe region, and allow the other vehicle to pass without collision.",,,"Boolean (1=true, 0=false): `collision_free`, `check_waiting`, `backward`, `safe_region_found`, `other_vehicle_passed`. Time: follows the requirement; unbounded operators have no finite interval. Use these exact identifiers; do not create aliases.",G(check_waiting -> (backward U (safe_region_found & other_vehicle_passed & collision_free))),G(collision_free) & F(check_waiting & (backward U (safe_region_found & other_vehicle_passed))),,,,,1,Anthropic direct,,,,,,,,,
MR-042,NLSTL150-062,ChatSTL,expected_strength,translate,3,Valid but non-identical formula; semantic equivalence not established,"Predict the behaviour of a rear vehicle, find a safe place, pull over, and allow the rear vehicle to pass while avoiding collision.",,,"Boolean (1=true, 0=false): `collision_free`, `behavior_predicted`, `safe_region_found`, `pulled_over`, `rear_vehicle_passed`. Time: follows the requirement; unbounded operators have no finite interval. Use these exact identifiers; do not create aliases.",G(collision_free) & F(behavior_predicted) & F(safe_region_found) & F(pulled_over) & F(rear_vehicle_passed),G(collision_free) & F(behavior_predicted & safe_region_found & pulled_over & rear_vehicle_passed),,,,,1,Anthropic direct,,,,,,,,,
MR-043,NLSTL150-063,ChatSTL,expected_strength,translate,3,Valid but non-identical formula; semantic equivalence not established,"Recognize a construction-zone obstruction, safely merge into the adjacent lane, and continue without disrupting either vehicle.",,,"Boolean (1=true, 0=false): `collision_free`, `construction_detected`, `safe_gap_found`, `lane_merge_completed`, `journey_resumed`. Time: follows the requirement; unbounded operators have no finite interval. Use these exact identifiers; do not create aliases.",F(construction_detected & F(safe_gap_found & F(lane_merge_completed & F(journey_resumed)))) & G(collision_free),G(collision_free) & F(construction_detected & safe_gap_found & lane_merge_completed & journey_resumed),,,,,1,Anthropic direct,,,,,,,,,
MR-044,NLSTL150-063,ChatSTL,expected_strength,translate,3,Valid but non-identical formula; semantic equivalence not established,"Recognize a construction-zone obstruction, safely merge into the adjacent lane, and continue without disrupting either vehicle.",,,"Boolean (1=true, 0=false): `collision_free`, `construction_detected`, `safe_gap_found`, `lane_merge_completed`, `journey_resumed`. Time: follows the requirement; unbounded operators have no finite interval. Use these exact identifiers; do not create aliases.",G(collision_free) & G(construction_detected -> F(safe_gap_found & F(lane_merge_completed & F(journey_resumed)))),G(collision_free) & F(construction_detected & safe_gap_found & lane_merge_completed & journey_resumed),,,,,1,OpenAI direct,,,,,,,,,
MR-045,NLSTL150-068,ChatSTL,limitation_probe,translate,4,Valid but non-identical formula; semantic equivalence not established,Merge only after both the motorcycle in the blind spot and the car ahead are at least 5 metres away.,,,"Numeric: `motorcycle_distance` [m], `lead_vehicle_distance` [m]. Boolean (1=true, 0=false): `merge_started`. Time: follows the requirement; unbounded operators have no finite interval. Use these exact identifiers; do not create aliases.",G(merge_started = 1 -> (motorcycle_distance >= 5 & lead_vehicle_distance >= 5)),G(merge_started -> ((motorcycle_distance >= 5) & (lead_vehicle_distance >= 5))),,,,,2,Clarify-inspired OpenAI; OpenAI direct,,,,,,,,,
MR-046,NLSTL150-069,ChatSTL,limitation_probe,translate,4,Valid but non-identical formula; semantic equivalence not established,Proceed through the intersection only when the light is green and no pedestrian is in the crosswalk.,,,"Boolean (1=true, 0=false): `proceed`, `light_green`, `pedestrian_in_crosswalk`. Time: follows the requirement; unbounded operators have no finite interval. Use these exact identifiers; do not create aliases.",G((proceed = 1) -> ((light_green = 1) & (pedestrian_in_crosswalk = 0))),G(proceed -> ((light_green = 1) & (pedestrian_in_crosswalk = 0))),,,,"Possible Boolean-shorthand equivalence (e.g., x versus x = 1); confirm signal_context declares the identifier Boolean.",1,Clarify-inspired Anthropic,,,,,,,,,
MR-047,NLSTL150-069,ChatSTL,limitation_probe,translate,4,Valid but non-identical formula; semantic equivalence not established,Proceed through the intersection only when the light is green and no pedestrian is in the crosswalk.,,,"Boolean (1=true, 0=false): `proceed`, `light_green`, `pedestrian_in_crosswalk`. Time: follows the requirement; unbounded operators have no finite interval. Use these exact identifiers; do not create aliases.",G(proceed -> (light_green & !pedestrian_in_crosswalk)),G(proceed -> ((light_green = 1) & (pedestrian_in_crosswalk = 0))),,,,"Possible Boolean-shorthand equivalence (e.g., x versus x = 1); confirm signal_context declares the identifier Boolean.",2,Anthropic direct; Clarify-inspired OpenAI,,,,,,,,,
MR-048,NLSTL150-074,ChatSTL,limitation_probe,translate,5,Valid but non-identical formula; semantic equivalence not established,Perform a U-turn only after confirming that both directions are clear for 4 seconds.,,,"Boolean (1=true, 0=false): `u_turn_started`, `left_clear`, `right_clear`. Time: seconds. Use these exact identifiers; do not create aliases.","G(u_turn_started -> H[0,4](left_clear & right_clear))","G(u_turn_started -> H[0,4]((left_clear = 1) & (right_clear = 1)))",,,,"Possible Boolean-shorthand equivalence (e.g., x versus x = 1); confirm signal_context declares the identifier Boolean.",1,Anthropic direct,,,,,,,,,
MR-049,NLSTL150-075,ChatSTL,limitation_probe,translate,5,Valid but non-identical formula; semantic equivalence not established,"Within 30 seconds, move to the right lane, remain there for at least 5 seconds, and then take the exit.",,,"Boolean (1=true, 0=false): `right_lane`, `exit_taken`. Time: seconds. Use these exact identifiers; do not create aliases.","F[0,30](G[0,5](right_lane) & F(exit_taken))","F[0,30]((right_lane = 1) & G[0,5](right_lane = 1) & F(exit_taken = 1))",,,,,1,Anthropic direct,,,,,,,,,
MR-050,NLSTL150-076,ChatSTL,limitation_probe,translate,5,Valid but non-identical formula; semantic equivalence not established,"Visit checkpoint A, then B, and arrive at the destination within 10 minutes without entering toll roads.",,,"Boolean (1=true, 0=false): `checkpoint_A`, `checkpoint_B`, `destination`, `toll_road`. Time: seconds in STL intervals; convert stated minutes to seconds. Use these exact identifiers; do not create aliases.","F[0,600](checkpoint_A & F(checkpoint_B & F(destination))) & G[0,600](!toll_road)","F[0,600](checkpoint_A & F(checkpoint_B & F(destination))) & G(!(toll_road = 1))",,,,,1,Anthropic direct,,,,,,,,,
MR-051,NLSTL150-078,ChatSTL,limitation_probe,clarify_then_translate,3,Valid but non-identical formula; semantic equivalence not established,Merge when there is a safe gap.,Merge only when front gap is at least 8 metres and rear gap at least 6 metres.,At least 8 metres in front and 6 metres behind.,"Numeric: `front_gap` [m], `rear_gap` [m]. Boolean (1=true, 0=false): `merge_started`. Time: follows the requirement; unbounded operators have no finite interval. Use these exact identifiers; do not create aliases.",G((front_gap >= 8 & rear_gap >= 6) -> merge_started = 1),G(merge_started -> ((front_gap >= 8) & (rear_gap >= 6))),,"What numerical thresholds on `front_gap` and `rear_gap` define a safe gap, and must `merge_started` become true immediately when both thresholds are satisfied?",What front and rear distances define a safe gap?,,2,Anthropic direct; OpenAI direct,,,,,,,,,
MR-052,NLSTL150-081,ChatSTL,limitation_probe,translate,3,Valid but non-identical formula; semantic equivalence not established,The warehouse robot must pick a package and deliver it to station B within 60 seconds.,,,"Boolean (1=true, 0=false): `package_at_station_B`. Time: seconds. Use these exact identifiers; do not create aliases.","F[0,60](package_at_station_B)","F[0,60](package_at_station_B = 1)",,,,,1,Anthropic direct,,,,,,,,,
MR-053,NLSTL150-082,ChatSTL,limitation_probe,translate,4,Valid but non-identical formula; semantic equivalence not established,The drone must remain below 120 metres and reach the inspection point within 90 seconds.,,,"Numeric: `altitude` [m]. Boolean (1=true, 0=false): `inspection_point`. Time: seconds. Use these exact identifiers; do not create aliases.","G(altitude < 120) & F[0,90](inspection_point = 1)","G(altitude <= 120) & F[0,90](inspection_point = 1)",,,,,3,Anthropic direct; Clarify-inspired OpenAI; OpenAI direct,,,,,,,,,
MR-054,NLSTL150-083,ChatSTL,limitation_probe,translate,4,Valid but non-identical formula; semantic equivalence not established,"While yielding, keep longitudinal acceleration between -2 and 1.5 m/s² and jerk below 1 m/s³.",,,"Numeric: `accel` [m/s^2], `jerk` [m/s^3]. Boolean (1=true, 0=false): `yielding`. Semantics: `abs(x)` = absolute value. Time: follows the requirement; unbounded operators have no finite interval. Use these exact identifiers; do not create aliases.",G(yielding -> ((accel >= -2) & (accel <= 1.5) & (jerk < 1))),G(yielding -> ((accel >= -2) & (accel <= 1.5) & (abs(jerk) < 1))),,,,,1,Clarify-inspired OpenAI,,,,,,,,,
MR-055,NLSTL150-083,ChatSTL,limitation_probe,translate,4,Valid but non-identical formula; semantic equivalence not established,"While yielding, keep longitudinal acceleration between -2 and 1.5 m/s² and jerk below 1 m/s³.",,,"Numeric: `accel` [m/s^2], `jerk` [m/s^3]. Boolean (1=true, 0=false): `yielding`. Semantics: `abs(x)` = absolute value. Time: follows the requirement; unbounded operators have no finite interval. Use these exact identifiers; do not create aliases.",G(yielding = 1 -> (accel >= -2 & accel <= 1.5 & abs(jerk) < 1)),G(yielding -> ((accel >= -2) & (accel <= 1.5) & (abs(jerk) < 1))),,,,,1,OpenAI direct,,,,,,,,,
MR-056,NLSTL150-083,ChatSTL,limitation_probe,translate,4,Valid but non-identical formula; semantic equivalence not established,"While yielding, keep longitudinal acceleration between -2 and 1.5 m/s² and jerk below 1 m/s³.",,,"Numeric: `accel` [m/s^2], `jerk` [m/s^3]. Boolean (1=true, 0=false): `yielding`. Semantics: `abs(x)` = absolute value. Time: follows the requirement; unbounded operators have no finite interval. Use these exact identifiers; do not create aliases.",G(yielding = 1 -> (accel >= -2 & accel <= 1.5 & jerk < 1)),G(yielding -> ((accel >= -2) & (accel <= 1.5) & (abs(jerk) < 1))),,,,,1,Anthropic direct,,,,,,,,,
MR-057,NLSTL150-086,ChatSTL,limitation_probe,translate,5,Valid but non-identical formula; semantic equivalence not established,Enter the intersection only if the traffic light has been green continuously for the previous 2 seconds.,,,"Boolean (1=true, 0=false): `enter_intersection`, `light_green`. Time: seconds. Use these exact identifiers; do not create aliases.","G(enter_intersection -> H[0,2](light_green))","G(enter_intersection -> H[0,2](light_green = 1))",,,,,1,Anthropic direct,,,,,,,,,
MR-058,NLSTL150-090,ChatSTL,limitation_probe,clarify_then_translate,4,"Formula exact, but clarification question may target the wrong slot",Let the other driver go first if they seem impatient.,"If the other vehicle repeatedly honks, remain stopped until it passes.",Impatience means repeated horn use; remain stopped until the other vehicle passes.,"Numeric: `speed`. Boolean (1=true, 0=false): `repeated_horn`, `other_vehicle_passed`. Time: follows the requirement; unbounded operators have no finite interval. Use these exact identifiers; do not create aliases.",G(repeated_horn -> ((speed = 0) U (other_vehicle_passed = 1))),G(repeated_horn -> ((speed = 0) U (other_vehicle_passed = 1))),,"How should 'impatient' be detected (e.g., repeated_horn = 1) and what does 'let the other driver go first' correspond to in terms of speed and other_vehicle_passed (e.g., speed <= some value until other_vehicle_passed = 1)?","What observable behaviour defines impatience, and what action counts as letting the other driver go first?",Formula is exact; adjudicate only whether the clarification question targets the annotated missing slot.,1,Anthropic direct,,,,,,,,,
MR-059,NLSTL150-090,ChatSTL,limitation_probe,clarify_then_translate,4,Valid but non-identical formula; semantic equivalence not established,Let the other driver go first if they seem impatient.,"If the other vehicle repeatedly honks, remain stopped until it passes.",Impatience means repeated horn use; remain stopped until the other vehicle passes.,"Numeric: `speed`. Boolean (1=true, 0=false): `repeated_horn`, `other_vehicle_passed`. Time: follows the requirement; unbounded operators have no finite interval. Use these exact identifiers; do not create aliases.",G((repeated_horn = 1) -> ((speed = 0) U (other_vehicle_passed = 1))),G(repeated_horn -> ((speed = 0) U (other_vehicle_passed = 1))),,"Should 'impatient' be defined using the repeated_horn signal (e.g., repeated_horn becomes true) as the triggering condition, and should 'let them go first' be captured by requiring speed to stay below some threshold until other_vehicle_passed becomes true — if so, what speed threshold and time bound should apply?","What observable behaviour defines impatience, and what action counts as letting the other driver go first?","Possible Boolean-shorthand equivalence (e.g., x versus x = 1); confirm signal_context declares the identifier Boolean.",1,Clarify-inspired Anthropic,,,,,,,,,
MR-060,NLSTL150-090,ChatSTL,limitation_probe,clarify_then_translate,4,Valid but non-identical formula; semantic equivalence not established,Let the other driver go first if they seem impatient.,"If the other vehicle repeatedly honks, remain stopped until it passes.",Impatience means repeated horn use; remain stopped until the other vehicle passes.,"Numeric: `speed`. Boolean (1=true, 0=false): `repeated_horn`, `other_vehicle_passed`. Time: follows the requirement; unbounded operators have no finite interval. Use these exact identifiers; do not create aliases.",G(repeated_horn = 1 -> ((speed = 0) U (other_vehicle_passed = 1))),G(repeated_horn -> ((speed = 0) U (other_vehicle_passed = 1))),,Which canonical predicates and temporal relationship should represent “the other driver seems impatient” and “let the other driver go first”?,"What observable behaviour defines impatience, and what action counts as letting the other driver go first?","Possible Boolean-shorthand equivalence (e.g., x versus x = 1); confirm signal_context declares the identifier Boolean.",1,OpenAI direct,,,,,,,,,
MR-061,NLSTL150-091,ClarifySTL,expected_strength,clarify_then_translate,3,"Formula exact, but clarification question may target the wrong slot","During 10 to 150 seconds, if signal x1 exceeds 0.2, signal x2 will decrease for the next 30 seconds.","During 10 to 150 seconds, whenever x1 exceeds 0.2, x2 must become lower than 0.5 within the following 30 seconds.",Below 0.5.,"Numeric: `x1`, `x2`. Time: seconds. Use these exact identifiers; do not create aliases.","G[10,150]((x1 > 0.2) -> F[0,30](x2 < 0.5))","G[10,150]((x1 > 0.2) -> F[0,30](x2 < 0.5))",,"What precisely should “x2 will decrease for the next 30 seconds” mean: strictly monotonically decreasing throughout that interval, below its value at the trigger time throughout it, or something else?",Below what numerical value must x2 decrease?,Formula is exact; adjudicate only whether the clarification question targets the annotated missing slot.,1,Clarify-inspired OpenAI,,,,,,,,,
MR-062,NLSTL150-091,ClarifySTL,expected_strength,clarify_then_translate,3,"Formula exact, but clarification question may target the wrong slot","During 10 to 150 seconds, if signal x1 exceeds 0.2, signal x2 will decrease for the next 30 seconds.","During 10 to 150 seconds, whenever x1 exceeds 0.2, x2 must become lower than 0.5 within the following 30 seconds.",Below 0.5.,"Numeric: `x1`, `x2`. Time: seconds. Use these exact identifiers; do not create aliases.","G[10,150]((x1 > 0.2) -> F[0,30](x2 < 0.5))","G[10,150]((x1 > 0.2) -> F[0,30](x2 < 0.5))",,"When you say signal x2 will 'decrease' for the next 30 seconds, do you mean it must fall below a specific numeric threshold, decrease by a specific amount from its value at the trigger time, or be strictly monotonically decreasing throughout that interval?",Below what numerical value must x2 decrease?,Formula is exact; adjudicate only whether the clarification question targets the annotated missing slot.,1,Clarify-inspired Anthropic,,,,,,,,,
MR-063,NLSTL150-091,ClarifySTL,expected_strength,clarify_then_translate,3,Valid but non-identical formula; semantic equivalence not established,"During 10 to 150 seconds, if signal x1 exceeds 0.2, signal x2 will decrease for the next 30 seconds.","During 10 to 150 seconds, whenever x1 exceeds 0.2, x2 must become lower than 0.5 within the following 30 seconds.",Below 0.5.,"Numeric: `x1`, `x2`. Time: seconds. Use these exact identifiers; do not create aliases.","G[10,150]((x1 > 0.2) -> G[0,30](x2 < 0.5))","G[10,150]((x1 > 0.2) -> F[0,30](x2 < 0.5))",,"What precise predicate or trend semantics should represent “x2 will decrease for the next 30 seconds” (for example, a specified threshold condition, a derivative bound, or comparison with its value at the trigger time)?",Below what numerical value must x2 decrease?,,1,OpenAI direct,,,,,,,,,
MR-064,NLSTL150-093,ClarifySTL,expected_strength,clarify_then_translate,2,Valid but non-identical formula; semantic equivalence not established,"After a fault, recovery should begin soon.","Whenever a fault occurs, recovery must begin within 5 seconds.",Within 5 seconds.,"Boolean (1=true, 0=false): `fault`, `recovery`. Semantics: `rise(p)` = false-to-true edge. Time: seconds. Use these exact identifiers; do not create aliases.","G(rise(fault) -> F[0,5](recovery = 1))","G(rise(fault = 1) -> F[0,5](recovery = 1))",,Within how many time units after a fault (rise(fault)) must recovery become true?,What is the maximum allowed delay before recovery begins?,,1,Clarify-inspired Anthropic,,,,,,,,,
MR-065,NLSTL150-093,ClarifySTL,expected_strength,clarify_then_translate,2,Valid but non-identical formula; semantic equivalence not established,"After a fault, recovery should begin soon.","Whenever a fault occurs, recovery must begin within 5 seconds.",Within 5 seconds.,"Boolean (1=true, 0=false): `fault`, `recovery`. Semantics: `rise(p)` = false-to-true edge. Time: seconds. Use these exact identifiers; do not create aliases.","G(rise(fault) -> F[0,5](rise(recovery)))","G(rise(fault = 1) -> F[0,5](recovery = 1))",,What finite time interval defines “soon” after rise(fault) for rise(recovery) to occur?,What is the maximum allowed delay before recovery begins?,,3,Anthropic direct; Clarify-inspired OpenAI; OpenAI direct,,,,,,,,,
MR-066,NLSTL150-096,ClarifySTL,limitation_probe,clarify_then_translate,4,Valid but non-identical formula; semantic equivalence not established,"When the tank is nearly full, close the inlet shortly afterward.","Whenever tank level exceeds 90%, close the inlet within 2 seconds.",Nearly full means above 90%; close within 2 seconds.,"Numeric: `tank_level` [%]. Boolean (1=true, 0=false): `inlet_closed`. Time: seconds. Use these exact identifiers; do not create aliases.","G(rise(tank_level > 90) -> F[0,2](inlet_closed = 1))","G((tank_level > 90) -> F[0,2](inlet_closed = 1))",,"What numeric threshold defines 'nearly full' for tank_level, and what is the maximum time delay (in seconds) allowed before inlet_closed must become true afterward?","What fill level defines nearly full, and what maximum closing delay is allowed?",Likely transition-versus-state difference: rise(x) is generally stricter than x being true.,1,Clarify-inspired Anthropic,,,,,,,,,
MR-067,NLSTL150-099,ClarifySTL,limitation_probe,clarify_then_translate,5,Valid but non-identical formula; semantic equivalence not established,"If valve A opens near valve B while pump C is active, it must stop it within 2 seconds.","If valve A opens near valve B while pump C is active, the controller must stop pump C within 2 seconds.",The controller must stop pump C.,"Boolean (1=true, 0=false): `valve_A_open`, `near_A_B`, `pump_C`. Time: seconds. Use these exact identifiers; do not create aliases.","G(((rise(valve_A_open = 1) & (near_A_B = 1) & (pump_C = 1)) -> F[0,2](pump_C = 0)))","G(((valve_A_open = 1) & (near_A_B = 1) & (pump_C = 1)) -> F[0,2](pump_C = 0))",,"When valve A opens (i.e., valve_A_open rises) while near_A_B and pump_C are true, should pump_C be required to become false within 2 seconds?","What does the first “it” refer to, and what must be stopped?",Likely transition-versus-state difference: rise(x) is generally stricter than x being true.,1,Clarify-inspired OpenAI,,,,,,,,,
MR-068,NLSTL150-100,ClarifySTL,limitation_probe,clarify_then_translate,4,Valid but non-identical formula; semantic equivalence not established,Every robot must visit a charging station within 60 seconds.,"Within 60 seconds, every robot must visit at least one charging station.",Each robot may visit any charging station.,"Boolean (1=true, 0=false): `station_any_r1`, `station_any_r2`, `station_any_r3`. Time: seconds. Use these exact identifiers; do not create aliases.","F[0,60](station_any_r1 = 1) & F[0,60](station_any_r2 = 1) & F[0,60](station_any_r3 = 1)","F[0,60](station_any_r1) & F[0,60](station_any_r2) & F[0,60](station_any_r3)",,"Which canonical signal or predicate represents each individual robot being at (or arriving at) a charging station, so that “every robot” and “visit” can be formalized?","May each robot visit any charging station, or must each visit its assigned station?",,2,Clarify-inspired Anthropic; OpenAI direct,,,,,,,,,
MR-069,NLSTL150-101,ClarifySTL,limitation_probe,clarify_then_translate,4,Valid but non-identical formula; semantic equivalence not established,"If A or B and C, then D.","If A holds, or both B and C hold, then D must hold.",A OR (B AND C).,"Boolean (1=true, 0=false): `A`, `B`, `C`, `D`. Time: follows the requirement; unbounded operators have no finite interval. Use these exact identifiers; do not create aliases.",((A = 1) | ((B = 1) & (C = 1))) -> (D = 1),G(((A = 1) | ((B = 1) & (C = 1))) -> (D = 1)),,Should the antecedent be grouped as `(A or B) and C` or as `A or (B and C)`?,"Should the trigger be A OR (B AND C), or (A OR B) AND C?",,1,Clarify-inspired OpenAI,,,,,,,,,
MR-070,NLSTL150-101,ClarifySTL,limitation_probe,clarify_then_translate,4,Valid but non-identical formula; semantic equivalence not established,"If A or B and C, then D.","If A holds, or both B and C hold, then D must hold.",A OR (B AND C).,"Boolean (1=true, 0=false): `A`, `B`, `C`, `D`. Time: follows the requirement; unbounded operators have no finite interval. Use these exact identifiers; do not create aliases.",G((A | (B & C)) -> D),G(((A = 1) | ((B = 1) & (C = 1))) -> (D = 1)),,"Should the antecedent be grouped as A | (B & C), or as (A | B) & C?","Should the trigger be A OR (B AND C), or (A OR B) AND C?","Possible Boolean-shorthand equivalence (e.g., x versus x = 1); confirm signal_context declares the identifier Boolean.",2,Anthropic direct; OpenAI direct,,,,,,,,,
MR-071,NLSTL150-103,ClarifySTL,limitation_probe,clarify_then_translate,4,Valid but non-identical formula; semantic equivalence not established,The drone should approach smoothly and remain reasonably close.,"During approach, jerk must remain below 1 m/s³ and distance must remain below 2 m.",Jerk below 1 m/s³ and distance below 2 m.,"Numeric: `jerk` [m/s^3], `distance` [m]. Boolean (1=true, 0=false): `approach`. Semantics: `abs(x)` = absolute value. Time: follows the requirement; unbounded operators have no finite interval. Use these exact identifiers; do not create aliases.",G((approach = 1) & (abs(jerk) < 1) & (distance < 2)),G(approach -> ((abs(jerk) < 1) & (distance < 2))),,"What quantitative bounds define “smoothly” (e.g., a maximum absolute `jerk`) and “reasonably close” (a maximum `distance`), and must both conditions hold continuously for the entire evaluation horizon?",What limits define smooth approach and reasonable closeness?,,1,OpenAI direct,,,,,,,,,
MR-072,NLSTL150-103,ClarifySTL,limitation_probe,clarify_then_translate,4,Valid but non-identical formula; semantic equivalence not established,The drone should approach smoothly and remain reasonably close.,"During approach, jerk must remain below 1 m/s³ and distance must remain below 2 m.",Jerk below 1 m/s³ and distance below 2 m.,"Numeric: `jerk` [m/s^3], `distance` [m]. Boolean (1=true, 0=false): `approach`. Semantics: `abs(x)` = absolute value. Time: follows the requirement; unbounded operators have no finite interval. Use these exact identifiers; do not create aliases.",G((approach = 1) -> ((abs(jerk) < 1) & (distance < 2))),G(approach -> ((abs(jerk) < 1) & (distance < 2))),,"What numeric thresholds should be used for 'smoothly' (e.g., a bound on jerk) and 'reasonably close' (e.g., a bound on distance), and over what time interval should these conditions hold?",What limits define smooth approach and reasonable closeness?,"Possible Boolean-shorthand equivalence (e.g., x versus x = 1); confirm signal_context declares the identifier Boolean.",1,Anthropic direct,,,,,,,,,
MR-073,NLSTL150-103,ClarifySTL,limitation_probe,clarify_then_translate,4,Valid but non-identical formula; semantic equivalence not established,The drone should approach smoothly and remain reasonably close.,"During approach, jerk must remain below 1 m/s³ and distance must remain below 2 m.",Jerk below 1 m/s³ and distance below 2 m.,"Numeric: `jerk` [m/s^3], `distance` [m]. Boolean (1=true, 0=false): `approach`. Semantics: `abs(x)` = absolute value. Time: follows the requirement; unbounded operators have no finite interval. Use these exact identifiers; do not create aliases.",G((approach = 1) -> (abs(jerk) < 1 & distance < 2)),G(approach -> ((abs(jerk) < 1) & (distance < 2))),,"What numeric thresholds should be used (e.g., max abs(jerk) for 'smooth' and max distance for 'reasonably close'), and over what time interval must the distance condition hold?",What limits define smooth approach and reasonable closeness?,,1,Clarify-inspired Anthropic,,,,,,,,,
MR-074,NLSTL150-109,ClarifySTL,limitation_probe,clarify_then_translate,4,Valid but non-identical formula; semantic equivalence not established,Prevent battery over-discharge.,"Whenever state of charge is below 15%, disconnect the load within 1 second.",Below 15% is over-discharge; disconnect the load within 1 second.,"Numeric: `soc` [%]. Boolean (1=true, 0=false): `load_connected`. Time: seconds. Use these exact identifiers; do not create aliases.","G((soc < 15) -> F[0,1](!load_connected))","G((soc < 15) -> F[0,1](load_connected = 0))",,What minimum `soc` threshold (%) must be maintained to prevent over-discharge?,"Which state-of-charge threshold defines over-discharge, and what response is required?",,1,OpenAI direct,,,,,,,,,
MR-075,NLSTL150-111,ClarifySTL,limitation_probe,clarify_then_translate,5,Valid but non-identical formula; semantic equivalence not established,"Whenever A occurs, B must eventually remain true for 5 seconds within 20 seconds.","Whenever A occurs, B must start a 5-second continuous true interval no later than 15 seconds afterward.",Yes.,"Boolean (1=true, 0=false): `A`, `B`. Semantics: `rise(p)` = false-to-true edge. Time: seconds. Use these exact identifiers; do not create aliases.","G(rise(A) -> F[0,20](G[0,5](B)))","G(rise(A = 1) -> F[0,15](G[0,5](B = 1)))",,"Does 'A occurs' refer to the rising edge rise(A) (a one-time trigger when A transitions from false to true), or should the response condition be re-evaluated at every time instant where A is true?",Must the full 5-second persistence interval finish within 20 seconds after A?,,1,Clarify-inspired Anthropic,,,,,,,,,
MR-076,NLSTL150-115,ClarifySTL,limitation_probe,clarify_then_translate,4,"Formula exact, but clarification question may target the wrong slot",Switch to safe mode when the system is unstable.,"Whenever oscillation amplitude exceeds 0.5 or error growth exceeds 0.1 per second, safe mode must activate.",Instability means oscillation_amplitude above 0.5 or error_growth above 0.1 per second.,"Numeric: `oscillation_amplitude`, `error_growth`. Boolean (1=true, 0=false): `safe_mode`. Time: seconds. Use these exact identifiers; do not create aliases.",G((oscillation_amplitude > 0.5 | error_growth > 0.1) -> (safe_mode = 1)),G(((oscillation_amplitude > 0.5) | (error_growth > 0.1)) -> (safe_mode = 1)),,"What specific threshold values for oscillation_amplitude and error_growth define 'unstable', and must both conditions hold simultaneously or is either one sufficient?",Which measurable signals define instability?,Formula is exact; adjudicate only whether the clarification question targets the annotated missing slot.,1,Clarify-inspired Anthropic,,,,,,,,,
MR-077,NLSTL150-117,ClarifySTL,limitation_probe,clarify_then_translate,4,Valid but non-identical formula; semantic equivalence not established,"Unless override is active, if temperature exceeds 80 or pressure exceeds 10, shut down.","If override is inactive and either temperature exceeds 80 or pressure exceeds 10, shut down.",It disables both triggers.,"Numeric: `temperature`, `pressure`. Boolean (1=true, 0=false): `override`, `shutdown`. Time: follows the requirement; unbounded operators have no finite interval. Use these exact identifiers; do not create aliases.",G((!override) -> ((temperature > 80 | pressure > 10) -> shutdown)),G((!(override = 1) & ((temperature > 80) | (pressure > 10))) -> (shutdown = 1)),,"Within what time frame (if any) must the shutdown occur after temperature exceeds 80 or pressure exceeds 10 while override is inactive, or should shutdown be required to hold immediately and continuously whenever that condition is true?","Does override disable both triggers, or only the pressure trigger?",,1,Clarify-inspired Anthropic,,,,,,,,,
MR-078,NLSTL150-118,ClarifySTL,limitation_probe,clarify_then_translate,4,"Formula exact, but clarification question may target the wrong slot",Remain stopped until the light turns green.,"The vehicle must remain stopped until the light turns green, and the light is required eventually to turn green.",The light must eventually turn green.,"Numeric: `speed`. Boolean (1=true, 0=false): `light_green`. Time: follows the requirement; unbounded operators have no finite interval. Use these exact identifiers; do not create aliases.",(speed = 0) U (light_green = 1),(speed = 0) U (light_green = 1),,"What exact speed value or threshold defines 'stopped' (e.g., speed == 0, or speed < some epsilon)?","Must the light eventually turn green, or is remaining stopped forever acceptable if it never does?",Formula is exact; adjudicate only whether the clarification question targets the annotated missing slot.,1,Clarify-inspired Anthropic,,,,,,,,,
MR-079,NLSTL150-120,ClarifySTL,limitation_probe,clarify_then_translate,5,Valid but non-identical formula; semantic equivalence not established,"After the object is ready, move it there soon and hold it for a while.","Whenever the object becomes ready, move it to the inspection fixture within 5 seconds and keep it there for 10 seconds.",The inspection fixture; move there within 5 seconds and hold it there for 10 seconds.,"Boolean (1=true, 0=false): `object_ready`, `at_inspection_fixture`. Semantics: `rise(p)` = false-to-true edge. Time: seconds. Use these exact identifiers; do not create aliases.","G(rise(object_ready) -> F[0,5](G[0,10](at_inspection_fixture)))","G(rise(object_ready = 1) -> F[0,5](G[0,10](at_inspection_fixture = 1)))",,"What time bound defines “soon,” what duration defines “for a while,” and should the requirement be triggered by rise(object_ready) or by object_ready being true?","First, what location does “there” denote? Then, what response deadline and holding duration are required?",,2,Anthropic direct; OpenAI direct,,,,,,,,,
MR-080,NLSTL150-120,ClarifySTL,limitation_probe,clarify_then_translate,5,Valid but non-identical formula; semantic equivalence not established,"After the object is ready, move it there soon and hold it for a while.","Whenever the object becomes ready, move it to the inspection fixture within 5 seconds and keep it there for 10 seconds.",The inspection fixture; move there within 5 seconds and hold it there for 10 seconds.,"Boolean (1=true, 0=false): `object_ready`, `at_inspection_fixture`. Semantics: `rise(p)` = false-to-true edge. Time: seconds. Use these exact identifiers; do not create aliases.","G(rise(object_ready) -> F[0,5](at_inspection_fixture & G[0,10](at_inspection_fixture)))","G(rise(object_ready = 1) -> F[0,5](G[0,10](at_inspection_fixture = 1)))",,"Should the obligation start at rise(object_ready), and what exact deadline for reaching at_inspection_fixture and minimum holding duration are required?","First, what location does “there” denote? Then, what response deadline and holding duration are required?",,2,Clarify-inspired Anthropic; Clarify-inspired OpenAI,,,,,,,,,
MR-081,NLSTL150-121,Formula-first robotics,source_formula,translate,3,Valid but non-identical formula; semantic equivalence not established,"At all times, the robot's measured forward velocity must differ from the commanded forward velocity by no more than 0.5.",,,"Numeric signals: `cmd_linear_x` [m/s] is commanded forward velocity from ROS `cmd_vel`; `robot_linear_x` [m/s] is measured forward velocity from odometry. `abs(x)` is absolute value. Use these flattened canonical identifiers, not raw ROS field paths.",G(abs(robot_linear_x - cmd_linear_x) <= 0.5),G(abs(cmd_linear_x - robot_linear_x) <= 0.5),,,,Possible absolute-difference symmetry: |a-b| = |b-a|.,4,Anthropic direct; Clarify-inspired Anthropic; Clarify-inspired OpenAI; OpenAI direct,,,,,,,,,
MR-082,NLSTL150-123,Formula-first robotics,source_formula,translate,4,Valid but non-identical formula; semantic equivalence not established,"Whenever robot 2 comes within distance d of robot 1, robot 1 must reach within d_prime of location L within T seconds.",,,"Objects/locations: `rob1_pos` (robot-1 position), `rob2_pos` (robot-2 position). Parameters: `d` (proximity-distance parameter), `T` (time horizon/deadline parameter), `L` (target location), `d_prime` (target-distance tolerance parameter). Semantics: `distance(a,b)` = separation distance. Time: seconds. Use these exact identifiers; do not create aliases.","G((distance(rob2_pos,rob1_pos) < d) -> F[0,T](distance(rob1_pos,L) < d_prime))","G((distance(rob1_pos, rob2_pos) < d) -> F[0,T](distance(rob1_pos, L) < d_prime))",,,,Possible symmetric-distance equivalence; pass only if signal_context defines distance as symmetric.,1,Clarify-inspired Anthropic,,,,,,,,,
MR-083,NLSTL150-123,Formula-first robotics,source_formula,translate,4,Valid but non-identical formula; semantic equivalence not established,"Whenever robot 2 comes within distance d of robot 1, robot 1 must reach within d_prime of location L within T seconds.",,,"Objects/locations: `rob1_pos` (robot-1 position), `rob2_pos` (robot-2 position). Parameters: `d` (proximity-distance parameter), `T` (time horizon/deadline parameter), `L` (target location), `d_prime` (target-distance tolerance parameter). Semantics: `distance(a,b)` = separation distance. Time: seconds. Use these exact identifiers; do not create aliases.","G(distance(rob2_pos, rob1_pos) < d -> F[0,T](distance(rob1_pos, L) < d_prime))","G((distance(rob1_pos, rob2_pos) < d) -> F[0,T](distance(rob1_pos, L) < d_prime))",,,,Possible symmetric-distance equivalence; pass only if signal_context defines distance as symmetric.,1,Anthropic direct,,,,,,,,,
MR-084,NLSTL150-125,Formula-first robotics,source_formula,translate,5,Valid but non-identical formula; semantic equivalence not established,"Whenever the pilot command is at least m, the actuator position must, within T time units, become less than n away from the command and remain that accurate for t time units.",,,"Numeric signals/parameters: `cmd` (pilot command), `pos` (actuator position), `m` (command threshold), `n` (error tolerance), `T` (response deadline), `t` (required holding duration). `abs(x)` is absolute value. Use exact identifiers.","G((cmd >= m) -> F[0,T](G[0,t](abs(pos - cmd) < n)))","G((cmd >= m) -> F[0,T](G[0,t](abs(cmd - pos) < n)))",,,,Possible absolute-difference symmetry: |a-b| = |b-a|.,2,Anthropic direct; OpenAI direct,,,,,,,,,
MR-085,NLSTL150-126,Formula-first robotics,source_formula,translate,3,Valid but non-identical formula; semantic equivalence not established,"During the next 10 seconds, measured angular velocity must remain within 0.2 rad/s of the commanded angular velocity.",,,"Numeric: `cmd_angular_z` [rad/s], `robot_angular_z` [rad/s]. Semantics: `abs(x)` = absolute value. Time: seconds. Use these exact identifiers; do not create aliases.","G[0,10](abs(robot_angular_z - cmd_angular_z) <= 0.2)","G[0,10](abs(cmd_angular_z - robot_angular_z) <= 0.2)",,,,Possible absolute-difference symmetry: |a-b| = |b-a|.,4,Anthropic direct; Clarify-inspired Anthropic; Clarify-inspired OpenAI; OpenAI direct,,,,,,,,,
MR-086,NLSTL150-128,Formula-first robotics,source_formula,translate,4,Valid but non-identical formula; semantic equivalence not established,All pairs of robots must remain at least d_safe apart throughout the mission.,,,"Objects/locations: `p_i` (position of robot i), `p_j` (position of robot j). Parameters: `d_safe` (minimum safe-distance parameter). Semantics: `distance(a,b)` = separation distance; indexed AND = conjunction over the indexed set. Time: follows the requirement; unbounded operators have no finite interval. Use these exact identifiers; do not create aliases.","G(AND_{i,j: i < j}(distance(p_i,p_j) >= d_safe))","G(AND_{i<j}(distance(p_i,p_j) >= d_safe))",,,,,1,OpenAI direct,,,,,,,,,
MR-087,NLSTL150-128,Formula-first robotics,source_formula,translate,4,Valid but non-identical formula; semantic equivalence not established,All pairs of robots must remain at least d_safe apart throughout the mission.,,,"Objects/locations: `p_i` (position of robot i), `p_j` (position of robot j). Parameters: `d_safe` (minimum safe-distance parameter). Semantics: `distance(a,b)` = separation distance; indexed AND = conjunction over the indexed set. Time: follows the requirement; unbounded operators have no finite interval. Use these exact identifiers; do not create aliases.","G(AND_{i,j} (distance(p_i,p_j) >= d_safe))","G(AND_{i<j}(distance(p_i,p_j) >= d_safe))",,,,,1,Anthropic direct,,,,,,,,,
MR-088,NLSTL150-129,Formula-first robotics,source_formula,translate,3,Valid but non-identical formula; semantic equivalence not established,"Robot 1 must reach region A between 10 and 20 seconds, and robot 2 must reach region B between 15 and 25 seconds.",,,"Boolean (1=true, 0=false): `in_A_r1`, `in_B_r2`. Time: seconds. Use these exact identifiers; do not create aliases.","F[10,20](in_A_r1 = 1) & F[15,25](in_B_r2 = 1)","F[10,20](in_A_r1) & F[15,25](in_B_r2)",,,,,4,Anthropic direct; Clarify-inspired Anthropic; Clarify-inspired OpenAI; OpenAI direct,,,,,,,,,
MR-089,NLSTL150-130,Formula-first robotics,source_formula,translate,4,Valid but non-identical formula; semantic equivalence not established,"The rover must visit the sample region before visiting the communication region, both within 120 seconds.",,,"Boolean (1=true, 0=false): `sample_region`, `communication_region`. Time: seconds. Use these exact identifiers; do not create aliases.","F[0,120](sample_region & F(communication_region))","F[0,120](sample_region & F[0,120](communication_region))",,,,,1,Anthropic direct,,,,,,,,,
MR-090,NLSTL150-131,Formula-first robotics,source_formula,translate,5,Valid but non-identical formula; semantic equivalence not established,"At every time during the first 300 seconds, some robot must visit the surveillance region within the next 30 seconds.",,,Objects/locations: `robot_i` (robot indexed by i). Semantics: `OR_i` = disjunction over robots; `in_surveillance(robot_i)` = robot i is in the surveillance region. Time: seconds. Use these exact identifiers; do not create aliases.,"G[0,300](OR_i(F[0,30](in_surveillance(robot_i))))","G[0,300](F[0,30](OR_i(in_surveillance(robot_i))))",,,,,1,Anthropic direct,,,,,,,,,
MR-091,NLSTL150-132,Formula-first robotics,source_formula,translate,4,Valid but non-identical formula; semantic equivalence not established,Keep the door open until both robots have crossed it within 40 seconds.,,,"Boolean (1=true, 0=false): `door_open`, `crossed_r1`, `crossed_r2`. Time: seconds. Use these exact identifiers; do not create aliases.","(door_open = 1) U[0,40] ((crossed_r1 = 1) & (crossed_r2 = 1))","(door_open = 1) U[0,40] (crossed_r1 & crossed_r2)",,,,"Possible Boolean-shorthand equivalence (e.g., x versus x = 1); confirm signal_context declares the identifier Boolean.",1,OpenAI direct,,,,,,,,,
MR-092,NLSTL150-132,Formula-first robotics,source_formula,translate,4,Valid but non-identical formula; semantic equivalence not established,Keep the door open until both robots have crossed it within 40 seconds.,,,"Boolean (1=true, 0=false): `door_open`, `crossed_r1`, `crossed_r2`. Time: seconds. Use these exact identifiers; do not create aliases.","(door_open) U[0,40] (crossed_r1 & crossed_r2)","(door_open = 1) U[0,40] (crossed_r1 & crossed_r2)",,,,,2,Anthropic direct; Clarify-inspired Anthropic,,,,,,,,,
MR-093,NLSTL150-133,Formula-first robotics,source_formula,translate,3,Valid but non-identical formula; semantic equivalence not established,"Whenever a fire alarm event occurs, the robot must reach the exit within 20 seconds.",,,"Boolean (1=true, 0=false): `fire_alarm_event`, `at_exit`. Time: seconds. Use these exact identifiers; do not create aliases.","G((fire_alarm_event -> F[0,20](at_exit)))","G(fire_alarm_event -> F[0,20](at_exit = 1))",,,,,1,Anthropic direct,,,,,,,,,
MR-094,NLSTL150-133,Formula-first robotics,source_formula,translate,3,Valid but non-identical formula; semantic equivalence not established,"Whenever a fire alarm event occurs, the robot must reach the exit within 20 seconds.",,,"Boolean (1=true, 0=false): `fire_alarm_event`, `at_exit`. Time: seconds. Use these exact identifiers; do not create aliases.","G((fire_alarm_event = 1) -> F[0,20](at_exit = 1))","G(fire_alarm_event -> F[0,20](at_exit = 1))",,,,"Possible Boolean-shorthand equivalence (e.g., x versus x = 1); confirm signal_context declares the identifier Boolean.",2,Clarify-inspired Anthropic; Clarify-inspired OpenAI,,,,,,,,,
MR-095,NLSTL150-133,Formula-first robotics,source_formula,translate,3,Valid but non-identical formula; semantic equivalence not established,"Whenever a fire alarm event occurs, the robot must reach the exit within 20 seconds.",,,"Boolean (1=true, 0=false): `fire_alarm_event`, `at_exit`. Time: seconds. Use these exact identifiers; do not create aliases.","G(fire_alarm_event -> F[0,20](at_exit))","G(fire_alarm_event -> F[0,20](at_exit = 1))",,,,,1,OpenAI direct,,,,,,,,,
MR-096,NLSTL150-134,Formula-first robotics,source_formula,translate,3,Valid but non-identical formula; semantic equivalence not established,"When a pickup request is received, a robot must arrive at the pickup area within 30 seconds.",,,"Boolean (1=true, 0=false): `pickup_request_event`, `robot_at_pickup`. Time: seconds. Use these exact identifiers; do not create aliases.","G((pickup_request_event = 1) -> F[0,30](robot_at_pickup = 1))","G(pickup_request_event -> F[0,30](robot_at_pickup = 1))",,,,"Possible Boolean-shorthand equivalence (e.g., x versus x = 1); confirm signal_context declares the identifier Boolean.",1,Clarify-inspired Anthropic,,,,,,,,,
MR-097,NLSTL150-134,Formula-first robotics,source_formula,translate,3,Valid but non-identical formula; semantic equivalence not established,"When a pickup request is received, a robot must arrive at the pickup area within 30 seconds.",,,"Boolean (1=true, 0=false): `pickup_request_event`, `robot_at_pickup`. Time: seconds. Use these exact identifiers; do not create aliases.","G((pickup_request_event) -> F[0,30](robot_at_pickup))","G(pickup_request_event -> F[0,30](robot_at_pickup = 1))",,,,,1,Anthropic direct,,,,,,,,,
MR-098,NLSTL150-134,Formula-first robotics,source_formula,translate,3,Valid but non-identical formula; semantic equivalence not established,"When a pickup request is received, a robot must arrive at the pickup area within 30 seconds.",,,"Boolean (1=true, 0=false): `pickup_request_event`, `robot_at_pickup`. Time: seconds. Use these exact identifiers; do not create aliases.","G(pickup_request_event -> F[0,30](robot_at_pickup))","G(pickup_request_event -> F[0,30](robot_at_pickup = 1))",,,,,1,OpenAI direct,,,,,,,,,
MR-099,NLSTL150-134,Formula-first robotics,source_formula,translate,3,Valid but non-identical formula; semantic equivalence not established,"When a pickup request is received, a robot must arrive at the pickup area within 30 seconds.",,,"Boolean (1=true, 0=false): `pickup_request_event`, `robot_at_pickup`. Time: seconds. Use these exact identifiers; do not create aliases.","G(pickup_request_event = 1 -> F[0,30](robot_at_pickup = 1))","G(pickup_request_event -> F[0,30](robot_at_pickup = 1))",,,,"Possible Boolean-shorthand equivalence (e.g., x versus x = 1); confirm signal_context declares the identifier Boolean.",1,Clarify-inspired OpenAI,,,,,,,,,
MR-100,NLSTL150-135,Formula-first robotics,source_formula,translate,4,Valid but non-identical formula; semantic equivalence not established,"If the door-close event occurs while the robot is in the doorway, the robot must leave the doorway within 2 seconds.",,,"Boolean (1=true, 0=false): `door_close_event`, `in_doorway`. Time: seconds. Use these exact identifiers; do not create aliases.","G(((door_close_event = 1) & (in_doorway = 1)) -> F[0,2](in_doorway = 0))","G((door_close_event & in_doorway) -> F[0,2](!(in_doorway)))",,,,,1,Clarify-inspired OpenAI,,,,,,,,,
MR-101,NLSTL150-136,Formula-first robotics,source_formula,translate,5,Valid but non-identical formula; semantic equivalence not established,"Whenever a delivery request event occurs, at least one robot must reach the delivery zone within 45 seconds.",,,"Boolean (1=true, 0=false): `delivery_event`. Objects/locations: `robot_i` (robot indexed by i). Semantics: `OR_i` = disjunction over robots; `in_delivery_zone(robot_i)` = robot i is in the delivery zone. Time: seconds. Use these exact identifiers; do not create aliases.","G((delivery_event = 1) -> F[0,45](OR_i(in_delivery_zone(robot_i) = 1)))","G(delivery_event -> F[0,45](OR_i(in_delivery_zone(robot_i))))",,,,,1,Clarify-inspired OpenAI,,,,,,,,,
MR-102,NLSTL150-137,Formula-first robotics,source_formula,translate,4,Valid but non-identical formula; semantic equivalence not established,"After a guard event begins, the robot must remain in the guard region until a release event occurs within 120 seconds.",,,"Boolean (1=true, 0=false): `guard_event`, `in_guard_region`, `release_event`. Time: seconds. Use these exact identifiers; do not create aliases.","G(guard_event -> (in_guard_region U[0,120] release_event))","G(guard_event -> ((in_guard_region = 1) U[0,120] release_event))",,,,"Possible Boolean-shorthand equivalence (e.g., x versus x = 1); confirm signal_context declares the identifier Boolean.",2,Anthropic direct; OpenAI direct,,,,,,,,,
MR-103,NLSTL150-138,Formula-first robotics,source_formula,translate,4,Valid but non-identical formula; semantic equivalence not established,"When the inspection event occurs, robot 1 must reach region A within 20 seconds and robot 2 must reach region B within 25 seconds.",,,"Boolean (1=true, 0=false): `inspection_event`, `in_A_r1`, `in_B_r2`. Time: seconds. Use these exact identifiers; do not create aliases.","G((inspection_event = 1) -> (F[0,20](in_A_r1 = 1) & F[0,25](in_B_r2 = 1)))","G(inspection_event -> (F[0,20](in_A_r1) & F[0,25](in_B_r2)))",,,,,1,Clarify-inspired Anthropic,,,,,,,,,
MR-104,NLSTL150-140,Formula-first robotics,source_formula,translate,3,Valid but non-identical formula; semantic equivalence not established,"For the next H seconds, lateral position must remain between the left and right lane boundaries.",,,"Numeric: `y`. Parameters: `H` (prediction-horizon duration), `lane_left_bound` (left lane-position boundary), `lane_right_bound` (right lane-position boundary). Time: seconds. Use these exact identifiers; do not create aliases.","G[0,H](y <= lane_left_bound & y >= lane_right_bound)","G[0,H]((y >= lane_left_bound) & (y <= lane_right_bound))",,,,,2,Anthropic direct; Clarify-inspired Anthropic,,,,,,,,,
MR-105,NLSTL150-144,Formula-first robotics,source_formula,translate,4,Valid but non-identical formula; semantic equivalence not established,Reach the destination within 30 seconds while staying in the lane and maintaining at least 2 metres from obstacles.,,,"Numeric: `obstacle_distance` [m]. Boolean (1=true, 0=false): `destination`, `in_lane`. Time: seconds. Use these exact identifiers; do not create aliases.","F[0,30](destination = 1) & G[0,30](in_lane = 1 & obstacle_distance >= 2)","F[0,30](destination = 1) & G[0,30](in_lane = 1) & G[0,30](obstacle_distance >= 2)",,,,,1,Anthropic direct,,,,,,,,,
MR-106,NLSTL150-144,Formula-first robotics,source_formula,translate,4,Valid but non-identical formula; semantic equivalence not established,Reach the destination within 30 seconds while staying in the lane and maintaining at least 2 metres from obstacles.,,,"Numeric: `obstacle_distance` [m]. Boolean (1=true, 0=false): `destination`, `in_lane`. Time: seconds. Use these exact identifiers; do not create aliases.","G[0,30]((in_lane = 1 & obstacle_distance >= 2)) & F[0,30](destination = 1)","F[0,30](destination = 1) & G[0,30](in_lane = 1) & G[0,30](obstacle_distance >= 2)",,,,,1,OpenAI direct,,,,,,,,,
MR-107,NLSTL150-145,Formula-first robotics,source_formula,translate,3,Valid but non-identical formula; semantic equivalence not established,Pass through region A between 2 and 4 seconds and avoid region B from 2 through 8 seconds.,,,"Boolean (1=true, 0=false): `in_A`, `in_B`. Time: seconds. Use these exact identifiers; do not create aliases.","F[2,4](in_A = 1) & G[2,8](!(in_B = 1))","F[2,4](in_A) & G[2,8](!(in_B))",,,,,1,Clarify-inspired OpenAI,,,,,,,,,
MR-108,NLSTL150-149,Formula-first robotics,source_formula,translate,3,Valid but non-identical formula; semantic equivalence not established,"During insertion, contact force must remain below 20 newtons.",,,"Numeric: `contact_force` [N]. Boolean (1=true, 0=false): `insertion_phase`. Time: follows the requirement; unbounded operators have no finite interval. Use these exact identifiers; do not create aliases.",G((insertion_phase = 1) -> (contact_force < 20)),G(insertion_phase -> (contact_force < 20)),,,,"Possible Boolean-shorthand equivalence (e.g., x versus x = 1); confirm signal_context declares the identifier Boolean.",2,Clarify-inspired Anthropic; OpenAI direct,,,,,,,,,
MR-109,NLSTL150-150,Formula-first robotics,source_formula,translate,4,Valid but non-identical formula; semantic equivalence not established,Place the object in the target region within 15 seconds while the end effector always avoids the forbidden region.,,,"Boolean (1=true, 0=false): `object_in_target`, `end_effector_in_forbidden`. Time: seconds. Use these exact identifiers; do not create aliases.","F[0,15](object_in_target = 1) & G(end_effector_in_forbidden = 0)","F[0,15](object_in_target = 1) & G(!(end_effector_in_forbidden = 1))",,,,,1,Anthropic direct,,,,,,,,,
MR-110,NLSTL150-150,Formula-first robotics,source_formula,translate,4,Valid but non-identical formula; semantic equivalence not established,Place the object in the target region within 15 seconds while the end effector always avoids the forbidden region.,,,"Boolean (1=true, 0=false): `object_in_target`, `end_effector_in_forbidden`. Time: seconds. Use these exact identifiers; do not create aliases.","F[0,15](object_in_target) & G(!(end_effector_in_forbidden))","F[0,15](object_in_target = 1) & G(!(end_effector_in_forbidden = 1))",,,,,1,OpenAI direct,,,,,,,,,
