review_id,condition,provider,model,sample_id,run_index,review_reason,predicted_formula,gold_formula,predicted_question
MR-001,Anthropic direct,anthropic,claude-sonnet-5,NLSTL150-007,0,Valid but non-identical formula; semantic equivalence not established,G(pump_primary | pump_secondary | pump_emergency),G((pump_primary = 1) | (pump_secondary = 1) | (pump_emergency = 1)),
MR-002,Anthropic direct,anthropic,claude-sonnet-5,NLSTL150-010,0,Valid but non-identical formula; semantic equivalence not established,"door_closed & F[0,2](lock_confirmed)","(door_closed = 1) & F[0,2](lock_confirmed = 1)",
MR-003,OpenAI direct,openai,gpt-5.6-terra,NLSTL150-011,0,Valid but non-identical formula; semantic equivalence not established,"G(rise(fault) -> F[0,5](rise(recovery) & G[0,10](recovery)))","G(rise(fault = 1) -> F[0,5](G[0,10](recovery = 1)))",
MR-003,Anthropic direct,anthropic,claude-sonnet-5,NLSTL150-011,0,Valid but non-identical formula; semantic equivalence not established,"G(rise(fault) -> F[0,5](rise(recovery) & G[0,10](recovery)))","G(rise(fault = 1) -> F[0,5](G[0,10](recovery = 1)))",
MR-003,Clarify-inspired OpenAI,clarify,clarifystl-inspired-openai-v1,NLSTL150-011,0,Valid but non-identical formula; semantic equivalence not established,"G(rise(fault) -> F[0,5](rise(recovery) & G[0,10](recovery)))","G(rise(fault = 1) -> F[0,5](G[0,10](recovery = 1)))",
MR-004,OpenAI direct,openai,gpt-5.6-terra,NLSTL150-012,0,Valid but non-identical formula; semantic equivalence not established,"(!hazard_zone) U[0,60] (charging_station)","(!(hazard_zone = 1)) U[0,60] (charging_station = 1)",
MR-004,Anthropic direct,anthropic,claude-sonnet-5,NLSTL150-012,0,Valid but non-identical formula; semantic equivalence not established,"(!hazard_zone) U[0,60] (charging_station)","(!(hazard_zone = 1)) U[0,60] (charging_station = 1)",
MR-004,Clarify-inspired Anthropic,clarify,clarifystl-inspired-anthropic-v1,NLSTL150-012,0,Valid but non-identical formula; semantic equivalence not established,"(!hazard_zone) U[0,60] (charging_station)","(!(hazard_zone = 1)) U[0,60] (charging_station = 1)",
MR-005,Clarify-inspired OpenAI,clarify,clarifystl-inspired-openai-v1,NLSTL150-012,0,Valid but non-identical formula; semantic equivalence not established,"(hazard_zone = 0) U[0,60] (charging_station = 1)","(!(hazard_zone = 1)) U[0,60] (charging_station = 1)",
MR-006,Anthropic direct,anthropic,claude-sonnet-5,NLSTL150-013,0,Valid but non-identical formula; semantic equivalence not established,"G(reset -> H[0,5](!fault))","G((reset = 1) -> H[0,5](fault = 0))",
MR-007,Anthropic direct,anthropic,claude-sonnet-5,NLSTL150-014,0,Valid but non-identical formula; semantic equivalence not established,(warning) S (loss_of_signal),(warning = 1) S (loss_of_signal = 1),
MR-008,Clarify-inspired OpenAI,clarify,clarifystl-inspired-openai-v1,NLSTL150-015,0,Valid but non-identical formula; semantic equivalence not established,"G((rise(enable = 1)) -> F[0,1](rise(output = 1))) & G((fall(enable = 1)) -> F[0,1](fall(output = 1)))","G(rise(enable = 1) -> F[0,1](output = 1)) & G(fall(enable = 1) -> F[0,1](output = 0))",
MR-009,OpenAI direct,openai,gpt-5.6-terra,NLSTL150-015,0,Valid but non-identical formula; semantic equivalence not established,"G(rise(enable) -> F[0,1](output = 1)) & G(fall(enable) -> F[0,1](output = 0))","G(rise(enable = 1) -> F[0,1](output = 1)) & G(fall(enable = 1) -> F[0,1](output = 0))",
MR-009,Anthropic direct,anthropic,claude-sonnet-5,NLSTL150-015,0,Valid but non-identical formula; semantic equivalence not established,"G(rise(enable) -> F[0,1](output = 1)) & G(fall(enable) -> F[0,1](output = 0))","G(rise(enable = 1) -> F[0,1](output = 1)) & G(fall(enable = 1) -> F[0,1](output = 0))",
MR-010,OpenAI direct,openai,gpt-5.6-terra,NLSTL150-020,0,Valid but non-identical formula; semantic equivalence not established,"G(rise(A) -> G[0,20](B < 3))","G(rise(A = 1) -> G[0,20](B < 3))","For how long after A rises must B remain below 3 (e.g., until 20 seconds from the start, for 20 seconds after the rise, or indefinitely)?"
MR-010,Clarify-inspired OpenAI,clarify,clarifystl-inspired-openai-v1,NLSTL150-020,0,Valid but non-identical formula; semantic equivalence not established,"G(rise(A) -> G[0,20](B < 3))","G(rise(A = 1) -> G[0,20](B < 3))","Does “within 20 seconds” define the window in which A may rise, or must B remain below 3 for 20 seconds after each rise of A?"
MR-010,Clarify-inspired Anthropic,clarify,clarifystl-inspired-anthropic-v1,NLSTL150-020,0,Valid but non-identical formula; semantic equivalence not established,"G(rise(A) -> G[0,20](B < 3))","G(rise(A = 1) -> G[0,20](B < 3))","After signal A rises, must signal B remain continuously below 3 for the full 20 seconds, or is it sufficient for B to drop below 3 at some point within that 20-second window?"
MR-011,Anthropic direct,anthropic,claude-sonnet-5,NLSTL150-022,0,Valid but non-identical formula; semantic equivalence not established,"G((rise(request)) -> (F[0,3](grant)))","G(rise(request = 1) -> F[0,3](grant = 1))","What is the exact time bound (interval, e.g., within X time units) that defines 'soon' for the grant to arrive after a request?"
MR-012,Clarify-inspired Anthropic,clarify,clarifystl-inspired-anthropic-v1,NLSTL150-022,0,Valid but non-identical formula; semantic equivalence not established,"G(rise(request) -> F[0,3](grant = 1))","G(rise(request = 1) -> F[0,3](grant = 1))","What is the exact maximum time bound (e.g., within N time units) within which grant must become true after request, and should this be triggered on each rising edge of request or whenever request holds true?"
MR-013,OpenAI direct,openai,gpt-5.6-terra,NLSTL150-022,0,Valid but non-identical formula; semantic equivalence not established,"G(rise(request) -> F[0,3](rise(grant)))","G(rise(request = 1) -> F[0,3](grant = 1))",What time interval should define “soon” for the grant after a request?
MR-013,Clarify-inspired OpenAI,clarify,clarifystl-inspired-openai-v1,NLSTL150-022,0,Valid but non-identical formula; semantic equivalence not established,"G(rise(request) -> F[0,3](rise(grant)))","G(rise(request = 1) -> F[0,3](grant = 1))","What finite time bound defines “soon,” and should each rise(request) trigger the obligation?"
MR-014,OpenAI direct,openai,gpt-5.6-terra,NLSTL150-023,0,"Formula exact, but clarification question may target the wrong slot",G((primary_ok = 0) -> (backup_active = 1)),G((primary_ok = 0) -> (backup_active = 1)),"What exact condition defines “when necessary” (using `primary_ok` and/or `backup_active`), and must `backup_active` become true immediately or within a specified time bound?"
MR-015,Clarify-inspired Anthropic,clarify,clarifystl-inspired-anthropic-v1,NLSTL150-023,0,Valid but non-identical formula; semantic equivalence not established,G((primary_ok = 0) -> F(backup_active = 1)),G((primary_ok = 0) -> (backup_active = 1)),"Should 'necessary' be defined as primary_ok becoming false (primary_ok=0), and if so, within what time bound after that must backup_active become true?"
MR-016,Anthropic direct,anthropic,claude-sonnet-5,NLSTL150-023,0,Valid but non-identical formula; semantic equivalence not established,G((primary_ok = 0) -> backup_active),G((primary_ok = 0) -> (backup_active = 1)),"What condition defines 'when necessary' for backup takeover — specifically, should this be interpreted as backup_active becoming true whenever primary_ok is false (i.e., !primary_ok -> backup_active), or is there a different triggering condition intended?"
MR-017,Anthropic direct,anthropic,claude-sonnet-5,NLSTL150-024,0,Valid but non-identical formula; semantic equivalence not established,"G(rise(request) -> (F[0,1](ack) & F[0,5](service_started) & F[0,20](service_done)))","G(rise(request = 1) -> (F[0,1](ack = 1) & F[0,5](service_started = 1) & F[0,20](service_done = 1)))",
MR-018,OpenAI direct,openai,gpt-5.6-terra,NLSTL150-024,0,Valid but non-identical formula; semantic equivalence not established,"G(rise(request) -> (F[0,1](rise(ack)) & F[0,5](rise(service_started)) & F[0,20](rise(service_done))))","G(rise(request = 1) -> (F[0,1](ack = 1) & F[0,5](service_started = 1) & F[0,20](service_done = 1)))",
MR-018,Clarify-inspired OpenAI,clarify,clarifystl-inspired-openai-v1,NLSTL150-024,0,Valid but non-identical formula; semantic equivalence not established,"G(rise(request) -> (F[0,1](rise(ack)) & F[0,5](rise(service_started)) & F[0,20](rise(service_done))))","G(rise(request = 1) -> (F[0,1](ack = 1) & F[0,5](service_started = 1) & F[0,20](service_done = 1)))",
MR-019,Anthropic direct,anthropic,claude-sonnet-5,NLSTL150-025,0,Valid but non-identical formula; semantic equivalence not established,"G[20,50]((x1 + x2 <= 1.5) U[0,4] (x3 > 2))","G[20,50](((x1 + x2) <= 1.5) U[2,4](x3 > 2))",
MR-020,Anthropic direct,anthropic,claude-sonnet-5,NLSTL150-027,0,Valid but non-identical formula; semantic equivalence not established,"G((temperature < 20 | temperature > 30) -> F[0,6](G[0,4](temperature >= 20 & temperature <= 30)))","G((!((temperature >= 20) & (temperature <= 30))) -> F[0,6](G[0,4]((temperature >= 20) & (temperature <= 30))))",
MR-021,OpenAI direct,openai,gpt-5.6-terra,NLSTL150-030,0,Valid but non-identical formula; semantic equivalence not established,"(F[0,90](goal_1_r1 = 1 | goal_1_r2 = 1 | goal_1_r3 = 1) & F[0,90](goal_2_r1 = 1 | goal_2_r2 = 1 | goal_2_r3 = 1)) & G(d12 >= 1 & d13 >= 1 & d23 >= 1)","(F[0,90](goal_1_r1 | goal_1_r2 | goal_1_r3) & F[0,90](goal_2_r1 | goal_2_r2 | goal_2_r3)) & G((d12 >= 1) & (d13 >= 1) & (d23 >= 1))",
MR-022,OpenAI direct,openai,gpt-5.6-terra,NLSTL150-031,0,Valid but non-identical formula; semantic equivalence not established,"G[20,50]((x1 + x2 <= 1.5) | F[2,4](x3 > 2))","G[20,50](((x1 + x2) <= 1.5) U[2,4](x3 > 2))",
MR-023,OpenAI direct,openai,gpt-5.6-terra,NLSTL150-032,0,Valid but non-identical formula; semantic equivalence not established,"G[0,500](((z2 < -0.5 | z2 > 0.5) -> F[0,200]((z1 > 1) & G[0,50](z1 > 1))))","G[0,500]((abs(z2) > 0.5) -> F[0,200](G[0,50](z1 > 1)))",
MR-024,Anthropic direct,anthropic,claude-sonnet-5,NLSTL150-037,0,Valid but non-identical formula; semantic equivalence not established,"G[0,100](rise(request) -> F[0,4](response = 1))","G[0,100](rise(request = 1) -> F[0,4](response = 1))",
MR-025,Clarify-inspired Anthropic,clarify,clarifystl-inspired-anthropic-v1,NLSTL150-037,0,Valid but non-identical formula; semantic equivalence not established,"G[0,100](rise(request) -> F[0,4](response))","G[0,100](rise(request = 1) -> F[0,4](response = 1))",
MR-026,OpenAI direct,openai,gpt-5.6-terra,NLSTL150-037,0,Valid but non-identical formula; semantic equivalence not established,"G[0,100](rise(request) -> F[0,4](rise(response)))","G[0,100](rise(request = 1) -> F[0,4](response = 1))",
MR-027,Anthropic direct,anthropic,claude-sonnet-5,NLSTL150-038,0,Valid but non-identical formula; semantic equivalence not established,"G(grant -> O[0,5](request))","G((grant = 1) -> O[0,5](request = 1))",
MR-027,Clarify-inspired Anthropic,clarify,clarifystl-inspired-anthropic-v1,NLSTL150-038,0,Valid but non-identical formula; semantic equivalence not established,"G(grant -> O[0,5](request))","G((grant = 1) -> O[0,5](request = 1))",
MR-028,OpenAI direct,openai,gpt-5.6-terra,NLSTL150-043,0,Valid but non-identical formula; semantic equivalence not established,"G(((A | B) & !C) -> F[0,2](D))","G(((A = 1) | ((B = 1) & (C = 0))) -> F[0,2](D = 1))",
MR-028,Anthropic direct,anthropic,claude-sonnet-5,NLSTL150-043,0,Valid but non-identical formula; semantic equivalence not established,"G(((A | B) & !C) -> F[0,2](D))","G(((A = 1) | ((B = 1) & (C = 0))) -> F[0,2](D = 1))",
MR-029,OpenAI direct,openai,gpt-5.6-terra,NLSTL150-046,0,Valid but non-identical formula; semantic equivalence not established,"G(rise(start) -> F[0,3](ready = 1))","G(rise(start = 1) -> F[0,3](ready = 1))",
MR-029,Clarify-inspired OpenAI,clarify,clarifystl-inspired-openai-v1,NLSTL150-046,0,Valid but non-identical formula; semantic equivalence not established,"G(rise(start) -> F[0,3](ready = 1))","G(rise(start = 1) -> F[0,3](ready = 1))",
MR-029,Clarify-inspired Anthropic,clarify,clarifystl-inspired-anthropic-v1,NLSTL150-046,0,Valid but non-identical formula; semantic equivalence not established,"G(rise(start) -> F[0,3](ready = 1))","G(rise(start = 1) -> F[0,3](ready = 1))",
MR-030,Anthropic direct,anthropic,claude-sonnet-5,NLSTL150-046,0,Valid but non-identical formula; semantic equivalence not established,"G(rise(start) -> F[0,3](ready))","G(rise(start = 1) -> F[0,3](ready = 1))",
MR-031,Anthropic direct,anthropic,claude-sonnet-5,NLSTL150-047,0,Valid but non-identical formula; semantic equivalence not established,"G(rise(request) -> F[0,5](response))","G(rise(request = 1) -> F[0,5](response = 1))",
MR-032,OpenAI direct,openai,gpt-5.6-terra,NLSTL150-048,0,Valid but non-identical formula; semantic equivalence not established,"G((A & !A) -> F[0,2](B))","G(((A = 1) & !(A = 1)) -> F[0,2](B = 1))",
MR-032,Clarify-inspired OpenAI,clarify,clarifystl-inspired-openai-v1,NLSTL150-048,0,Valid but non-identical formula; semantic equivalence not established,"G((A & !A) -> F[0,2](B))","G(((A = 1) & !(A = 1)) -> F[0,2](B = 1))",
MR-033,Anthropic direct,anthropic,claude-sonnet-5,NLSTL150-050,0,Valid but non-identical formula; semantic equivalence not established,"G(rise(door_unlocked) -> H[0,10](authorization_valid))","G(rise(door_unlocked = 1) -> H[0,10](authorization_valid = 1))",
MR-034,Anthropic direct,anthropic,claude-sonnet-5,NLSTL150-053,0,"Formula exact, but clarification question may target the wrong slot",G((vehicle_distance < 3) -> (separation >= 2)),G((vehicle_distance < 3) -> (separation >= 2)),Two conflicting domain rules define 'close' differently (below 3 metres vs below 5 metres) — which threshold should be used for vehicle_distance to determine 'close'?
MR-035,Clarify-inspired OpenAI,clarify,clarifystl-inspired-openai-v1,NLSTL150-053,0,"Formula exact, but clarification question may target the wrong slot",G((vehicle_distance < 3) -> (separation >= 2)),G((vehicle_distance < 3) -> (separation >= 2)),"Which threshold and signal should define “vehicle is close” (<3 m or <5 m, using `vehicle_distance` or `separation`)?"
MR-036,OpenAI direct,openai,gpt-5.6-terra,NLSTL150-053,0,"Formula exact, but clarification question may target the wrong slot",G((vehicle_distance < 3) -> (separation >= 2)),G((vehicle_distance < 3) -> (separation >= 2)),Which threshold should define “a vehicle is close” for this requirement: vehicle_distance < 3 m or vehicle_distance < 5 m?
MR-037,OpenAI direct,openai,gpt-5.6-terra,NLSTL150-056,0,Valid but non-identical formula; semantic equivalence not established,"G[0,120](((A > 5) | (B < -2)) -> F[0,4](G[0,6](C = 1 & ((E = 1) | (D < 0.1)))))","G[0,120]((((A > 5) | (B < -2)) & !(E = 1)) -> F[0,4](G[0,6]((C = 1) & (D < 0.1))))",
MR-038,Anthropic direct,anthropic,claude-sonnet-5,NLSTL150-056,0,Valid but non-identical formula; semantic equivalence not established,"G[0,120]((A>5 | B<-2) -> F[0,4](G[0,6]((C=1) & (D<0.1 | E=1))))","G[0,120]((((A > 5) | (B < -2)) & !(E = 1)) -> F[0,4](G[0,6]((C = 1) & (D < 0.1))))",
MR-039,Clarify-inspired Anthropic,clarify,clarifystl-inspired-anthropic-v1,NLSTL150-057,0,Valid but non-identical formula; semantic equivalence not established,"G((rise(valve_A) & (valve_B = 0)) -> F[0,3](valve_A = 0))","G(((valve_A = 1) & (valve_B = 0)) -> F[0,3](valve_A = 0))","Does 'it must close within 3 seconds' refer to valve_A (the valve that just opened) needing to close again, or to valve_B, and should the triggering condition 'valve A opens while valve B is closed' be interpreted as an instantaneous rising-edge event on valve_A?"
MR-040,OpenAI direct,openai,gpt-5.6-terra,NLSTL150-059,0,Valid but non-identical formula; semantic equivalence not established,"G((A & B & C & D & !E) -> F[0,5](Fsig | Gsig))","G(((A = 1) & (B = 1) & (C = 1) & (D = 1) & !(E = 1)) -> F[0,5]((Fsig = 1) | (Gsig = 1)))",
MR-040,Anthropic direct,anthropic,claude-sonnet-5,NLSTL150-059,0,Valid but non-identical formula; semantic equivalence not established,"G((A & B & C & D & !E) -> F[0,5](Fsig | Gsig))","G(((A = 1) & (B = 1) & (C = 1) & (D = 1) & !(E = 1)) -> F[0,5]((Fsig = 1) | (Gsig = 1)))",
MR-041,Anthropic direct,anthropic,claude-sonnet-5,NLSTL150-061,0,Valid but non-identical formula; semantic equivalence not established,G(check_waiting -> (backward U (safe_region_found & other_vehicle_passed & collision_free))),G(collision_free) & F(check_waiting & (backward U (safe_region_found & other_vehicle_passed))),
MR-042,Anthropic direct,anthropic,claude-sonnet-5,NLSTL150-062,0,Valid but non-identical formula; semantic equivalence not established,G(collision_free) & F(behavior_predicted) & F(safe_region_found) & F(pulled_over) & F(rear_vehicle_passed),G(collision_free) & F(behavior_predicted & safe_region_found & pulled_over & rear_vehicle_passed),
MR-043,Anthropic direct,anthropic,claude-sonnet-5,NLSTL150-063,0,Valid but non-identical formula; semantic equivalence not established,F(construction_detected & F(safe_gap_found & F(lane_merge_completed & F(journey_resumed)))) & G(collision_free),G(collision_free) & F(construction_detected & safe_gap_found & lane_merge_completed & journey_resumed),
MR-044,OpenAI direct,openai,gpt-5.6-terra,NLSTL150-063,0,Valid but non-identical formula; semantic equivalence not established,G(collision_free) & G(construction_detected -> F(safe_gap_found & F(lane_merge_completed & F(journey_resumed)))),G(collision_free) & F(construction_detected & safe_gap_found & lane_merge_completed & journey_resumed),
MR-045,OpenAI direct,openai,gpt-5.6-terra,NLSTL150-068,0,Valid but non-identical formula; semantic equivalence not established,G(merge_started = 1 -> (motorcycle_distance >= 5 & lead_vehicle_distance >= 5)),G(merge_started -> ((motorcycle_distance >= 5) & (lead_vehicle_distance >= 5))),
MR-045,Clarify-inspired OpenAI,clarify,clarifystl-inspired-openai-v1,NLSTL150-068,0,Valid but non-identical formula; semantic equivalence not established,G(merge_started = 1 -> (motorcycle_distance >= 5 & lead_vehicle_distance >= 5)),G(merge_started -> ((motorcycle_distance >= 5) & (lead_vehicle_distance >= 5))),
MR-046,Clarify-inspired Anthropic,clarify,clarifystl-inspired-anthropic-v1,NLSTL150-069,0,Valid but non-identical formula; semantic equivalence not established,G((proceed = 1) -> ((light_green = 1) & (pedestrian_in_crosswalk = 0))),G(proceed -> ((light_green = 1) & (pedestrian_in_crosswalk = 0))),
MR-047,Anthropic direct,anthropic,claude-sonnet-5,NLSTL150-069,0,Valid but non-identical formula; semantic equivalence not established,G(proceed -> (light_green & !pedestrian_in_crosswalk)),G(proceed -> ((light_green = 1) & (pedestrian_in_crosswalk = 0))),
MR-047,Clarify-inspired OpenAI,clarify,clarifystl-inspired-openai-v1,NLSTL150-069,0,Valid but non-identical formula; semantic equivalence not established,G(proceed -> (light_green & !pedestrian_in_crosswalk)),G(proceed -> ((light_green = 1) & (pedestrian_in_crosswalk = 0))),
MR-048,Anthropic direct,anthropic,claude-sonnet-5,NLSTL150-074,0,Valid but non-identical formula; semantic equivalence not established,"G(u_turn_started -> H[0,4](left_clear & right_clear))","G(u_turn_started -> H[0,4]((left_clear = 1) & (right_clear = 1)))",
MR-049,Anthropic direct,anthropic,claude-sonnet-5,NLSTL150-075,0,Valid but non-identical formula; semantic equivalence not established,"F[0,30](G[0,5](right_lane) & F(exit_taken))","F[0,30]((right_lane = 1) & G[0,5](right_lane = 1) & F(exit_taken = 1))",
MR-050,Anthropic direct,anthropic,claude-sonnet-5,NLSTL150-076,0,Valid but non-identical formula; semantic equivalence not established,"F[0,600](checkpoint_A & F(checkpoint_B & F(destination))) & G[0,600](!toll_road)","F[0,600](checkpoint_A & F(checkpoint_B & F(destination))) & G(!(toll_road = 1))",
MR-051,OpenAI direct,openai,gpt-5.6-terra,NLSTL150-078,0,Valid but non-identical formula; semantic equivalence not established,G((front_gap >= 8 & rear_gap >= 6) -> merge_started = 1),G(merge_started -> ((front_gap >= 8) & (rear_gap >= 6))),"What numerical thresholds on `front_gap` and `rear_gap` define a safe gap, and must `merge_started` become true immediately when both thresholds are satisfied?"
MR-051,Anthropic direct,anthropic,claude-sonnet-5,NLSTL150-078,0,Valid but non-identical formula; semantic equivalence not established,G((front_gap >= 8 & rear_gap >= 6) -> merge_started = 1),G(merge_started -> ((front_gap >= 8) & (rear_gap >= 6))),"What numeric thresholds define a 'safe gap' for front_gap and rear_gap (e.g., front_gap >= ? and rear_gap >= ?), and should 'merge' be interpreted as merge_started becoming true (rise(merge_started)) triggered by that safe-gap condition?"
MR-052,Anthropic direct,anthropic,claude-sonnet-5,NLSTL150-081,0,Valid but non-identical formula; semantic equivalence not established,"F[0,60](package_at_station_B)","F[0,60](package_at_station_B = 1)",
MR-053,OpenAI direct,openai,gpt-5.6-terra,NLSTL150-082,0,Valid but non-identical formula; semantic equivalence not established,"G(altitude < 120) & F[0,90](inspection_point = 1)","G(altitude <= 120) & F[0,90](inspection_point = 1)",
MR-053,Anthropic direct,anthropic,claude-sonnet-5,NLSTL150-082,0,Valid but non-identical formula; semantic equivalence not established,"G(altitude < 120) & F[0,90](inspection_point = 1)","G(altitude <= 120) & F[0,90](inspection_point = 1)",
MR-053,Clarify-inspired OpenAI,clarify,clarifystl-inspired-openai-v1,NLSTL150-082,0,Valid but non-identical formula; semantic equivalence not established,"G(altitude < 120) & F[0,90](inspection_point = 1)","G(altitude <= 120) & F[0,90](inspection_point = 1)",
MR-054,Clarify-inspired OpenAI,clarify,clarifystl-inspired-openai-v1,NLSTL150-083,0,Valid but non-identical formula; semantic equivalence not established,G(yielding -> ((accel >= -2) & (accel <= 1.5) & (jerk < 1))),G(yielding -> ((accel >= -2) & (accel <= 1.5) & (abs(jerk) < 1))),
MR-055,OpenAI direct,openai,gpt-5.6-terra,NLSTL150-083,0,Valid but non-identical formula; semantic equivalence not established,G(yielding = 1 -> (accel >= -2 & accel <= 1.5 & abs(jerk) < 1)),G(yielding -> ((accel >= -2) & (accel <= 1.5) & (abs(jerk) < 1))),
MR-056,Anthropic direct,anthropic,claude-sonnet-5,NLSTL150-083,0,Valid but non-identical formula; semantic equivalence not established,G(yielding = 1 -> (accel >= -2 & accel <= 1.5 & jerk < 1)),G(yielding -> ((accel >= -2) & (accel <= 1.5) & (abs(jerk) < 1))),
MR-057,Anthropic direct,anthropic,claude-sonnet-5,NLSTL150-086,0,Valid but non-identical formula; semantic equivalence not established,"G(enter_intersection -> H[0,2](light_green))","G(enter_intersection -> H[0,2](light_green = 1))",
MR-058,Anthropic direct,anthropic,claude-sonnet-5,NLSTL150-090,0,"Formula exact, but clarification question may target the wrong slot",G(repeated_horn -> ((speed = 0) U (other_vehicle_passed = 1))),G(repeated_horn -> ((speed = 0) U (other_vehicle_passed = 1))),"How should 'impatient' be detected (e.g., repeated_horn = 1) and what does 'let the other driver go first' correspond to in terms of speed and other_vehicle_passed (e.g., speed <= some value until other_vehicle_passed = 1)?"
MR-059,Clarify-inspired Anthropic,clarify,clarifystl-inspired-anthropic-v1,NLSTL150-090,0,Valid but non-identical formula; semantic equivalence not established,G((repeated_horn = 1) -> ((speed = 0) U (other_vehicle_passed = 1))),G(repeated_horn -> ((speed = 0) U (other_vehicle_passed = 1))),"Should 'impatient' be defined using the repeated_horn signal (e.g., repeated_horn becomes true) as the triggering condition, and should 'let them go first' be captured by requiring speed to stay below some threshold until other_vehicle_passed becomes true — if so, what speed threshold and time bound should apply?"
MR-060,OpenAI direct,openai,gpt-5.6-terra,NLSTL150-090,0,Valid but non-identical formula; semantic equivalence not established,G(repeated_horn = 1 -> ((speed = 0) U (other_vehicle_passed = 1))),G(repeated_horn -> ((speed = 0) U (other_vehicle_passed = 1))),Which canonical predicates and temporal relationship should represent “the other driver seems impatient” and “let the other driver go first”?
MR-061,Clarify-inspired OpenAI,clarify,clarifystl-inspired-openai-v1,NLSTL150-091,0,"Formula exact, but clarification question may target the wrong slot","G[10,150]((x1 > 0.2) -> F[0,30](x2 < 0.5))","G[10,150]((x1 > 0.2) -> F[0,30](x2 < 0.5))","What precisely should “x2 will decrease for the next 30 seconds” mean: strictly monotonically decreasing throughout that interval, below its value at the trigger time throughout it, or something else?"
MR-062,Clarify-inspired Anthropic,clarify,clarifystl-inspired-anthropic-v1,NLSTL150-091,0,"Formula exact, but clarification question may target the wrong slot","G[10,150]((x1 > 0.2) -> F[0,30](x2 < 0.5))","G[10,150]((x1 > 0.2) -> F[0,30](x2 < 0.5))","When you say signal x2 will 'decrease' for the next 30 seconds, do you mean it must fall below a specific numeric threshold, decrease by a specific amount from its value at the trigger time, or be strictly monotonically decreasing throughout that interval?"
MR-063,OpenAI direct,openai,gpt-5.6-terra,NLSTL150-091,0,Valid but non-identical formula; semantic equivalence not established,"G[10,150]((x1 > 0.2) -> G[0,30](x2 < 0.5))","G[10,150]((x1 > 0.2) -> F[0,30](x2 < 0.5))","What precise predicate or trend semantics should represent “x2 will decrease for the next 30 seconds” (for example, a specified threshold condition, a derivative bound, or comparison with its value at the trigger time)?"
MR-064,Clarify-inspired Anthropic,clarify,clarifystl-inspired-anthropic-v1,NLSTL150-093,0,Valid but non-identical formula; semantic equivalence not established,"G(rise(fault) -> F[0,5](recovery = 1))","G(rise(fault = 1) -> F[0,5](recovery = 1))",Within how many time units after a fault (rise(fault)) must recovery become true?
MR-065,OpenAI direct,openai,gpt-5.6-terra,NLSTL150-093,0,Valid but non-identical formula; semantic equivalence not established,"G(rise(fault) -> F[0,5](rise(recovery)))","G(rise(fault = 1) -> F[0,5](recovery = 1))",What finite time interval defines “soon” after rise(fault) for rise(recovery) to occur?
MR-065,Anthropic direct,anthropic,claude-sonnet-5,NLSTL150-093,0,Valid but non-identical formula; semantic equivalence not established,"G(rise(fault) -> F[0,5](rise(recovery)))","G(rise(fault = 1) -> F[0,5](recovery = 1))","What is the specific time bound (interval [a,b]) that defines ""soon"" for recovery to begin after a fault?"
MR-065,Clarify-inspired OpenAI,clarify,clarifystl-inspired-openai-v1,NLSTL150-093,0,Valid but non-identical formula; semantic equivalence not established,"G(rise(fault) -> F[0,5](rise(recovery)))","G(rise(fault = 1) -> F[0,5](recovery = 1))",What maximum time after rise(fault) must rise(recovery) occur?
MR-066,Clarify-inspired Anthropic,clarify,clarifystl-inspired-anthropic-v1,NLSTL150-096,0,Valid but non-identical formula; semantic equivalence not established,"G(rise(tank_level > 90) -> F[0,2](inlet_closed = 1))","G((tank_level > 90) -> F[0,2](inlet_closed = 1))","What numeric threshold defines 'nearly full' for tank_level, and what is the maximum time delay (in seconds) allowed before inlet_closed must become true afterward?"
MR-067,Clarify-inspired OpenAI,clarify,clarifystl-inspired-openai-v1,NLSTL150-099,0,Valid but non-identical formula; semantic equivalence not established,"G(((rise(valve_A_open = 1) & (near_A_B = 1) & (pump_C = 1)) -> F[0,2](pump_C = 0)))","G(((valve_A_open = 1) & (near_A_B = 1) & (pump_C = 1)) -> F[0,2](pump_C = 0))","When valve A opens (i.e., valve_A_open rises) while near_A_B and pump_C are true, should pump_C be required to become false within 2 seconds?"
MR-068,OpenAI direct,openai,gpt-5.6-terra,NLSTL150-100,0,Valid but non-identical formula; semantic equivalence not established,"F[0,60](station_any_r1 = 1) & F[0,60](station_any_r2 = 1) & F[0,60](station_any_r3 = 1)","F[0,60](station_any_r1) & F[0,60](station_any_r2) & F[0,60](station_any_r3)","Which canonical signal or predicate represents each individual robot being at (or arriving at) a charging station, so that “every robot” and “visit” can be formalized?"
MR-068,Clarify-inspired Anthropic,clarify,clarifystl-inspired-anthropic-v1,NLSTL150-100,0,Valid but non-identical formula; semantic equivalence not established,"F[0,60](station_any_r1 = 1) & F[0,60](station_any_r2 = 1) & F[0,60](station_any_r3 = 1)","F[0,60](station_any_r1) & F[0,60](station_any_r2) & F[0,60](station_any_r3)","Should the 60-second charging-station visit requirement apply only once starting at time 0, or must each robot visit a charging station within every recurring 60-second window throughout the trace?"
MR-069,Clarify-inspired OpenAI,clarify,clarifystl-inspired-openai-v1,NLSTL150-101,0,Valid but non-identical formula; semantic equivalence not established,((A = 1) | ((B = 1) & (C = 1))) -> (D = 1),G(((A = 1) | ((B = 1) & (C = 1))) -> (D = 1)),Should the antecedent be grouped as `(A or B) and C` or as `A or (B and C)`?
MR-070,OpenAI direct,openai,gpt-5.6-terra,NLSTL150-101,0,Valid but non-identical formula; semantic equivalence not established,G((A | (B & C)) -> D),G(((A = 1) | ((B = 1) & (C = 1))) -> (D = 1)),"Should the antecedent be grouped as A | (B & C), or as (A | B) & C?"
MR-070,Anthropic direct,anthropic,claude-sonnet-5,NLSTL150-101,0,Valid but non-identical formula; semantic equivalence not established,G((A | (B & C)) -> D),G(((A = 1) | ((B = 1) & (C = 1))) -> (D = 1)),"Does 'A or B and C' mean (A | B) & C, or A | (B & C)? Please clarify the intended Boolean grouping for the antecedent."
MR-071,OpenAI direct,openai,gpt-5.6-terra,NLSTL150-103,0,Valid but non-identical formula; semantic equivalence not established,G((approach = 1) & (abs(jerk) < 1) & (distance < 2)),G(approach -> ((abs(jerk) < 1) & (distance < 2))),"What quantitative bounds define “smoothly” (e.g., a maximum absolute `jerk`) and “reasonably close” (a maximum `distance`), and must both conditions hold continuously for the entire evaluation horizon?"
MR-072,Anthropic direct,anthropic,claude-sonnet-5,NLSTL150-103,0,Valid but non-identical formula; semantic equivalence not established,G((approach = 1) -> ((abs(jerk) < 1) & (distance < 2))),G(approach -> ((abs(jerk) < 1) & (distance < 2))),"What numeric thresholds should be used for 'smoothly' (e.g., a bound on jerk) and 'reasonably close' (e.g., a bound on distance), and over what time interval should these conditions hold?"
MR-073,Clarify-inspired Anthropic,clarify,clarifystl-inspired-anthropic-v1,NLSTL150-103,0,Valid but non-identical formula; semantic equivalence not established,G((approach = 1) -> (abs(jerk) < 1 & distance < 2)),G(approach -> ((abs(jerk) < 1) & (distance < 2))),"What numeric thresholds should be used (e.g., max abs(jerk) for 'smooth' and max distance for 'reasonably close'), and over what time interval must the distance condition hold?"
MR-074,OpenAI direct,openai,gpt-5.6-terra,NLSTL150-109,0,Valid but non-identical formula; semantic equivalence not established,"G((soc < 15) -> F[0,1](!load_connected))","G((soc < 15) -> F[0,1](load_connected = 0))",What minimum `soc` threshold (%) must be maintained to prevent over-discharge?
MR-075,Clarify-inspired Anthropic,clarify,clarifystl-inspired-anthropic-v1,NLSTL150-111,0,Valid but non-identical formula; semantic equivalence not established,"G(rise(A) -> F[0,20](G[0,5](B)))","G(rise(A = 1) -> F[0,15](G[0,5](B = 1)))","Does 'A occurs' refer to the rising edge rise(A) (a one-time trigger when A transitions from false to true), or should the response condition be re-evaluated at every time instant where A is true?"
MR-076,Clarify-inspired Anthropic,clarify,clarifystl-inspired-anthropic-v1,NLSTL150-115,0,"Formula exact, but clarification question may target the wrong slot",G((oscillation_amplitude > 0.5 | error_growth > 0.1) -> (safe_mode = 1)),G(((oscillation_amplitude > 0.5) | (error_growth > 0.1)) -> (safe_mode = 1)),"What specific threshold values for oscillation_amplitude and error_growth define 'unstable', and must both conditions hold simultaneously or is either one sufficient?"
MR-077,Clarify-inspired Anthropic,clarify,clarifystl-inspired-anthropic-v1,NLSTL150-117,0,Valid but non-identical formula; semantic equivalence not established,G((!override) -> ((temperature > 80 | pressure > 10) -> shutdown)),G((!(override = 1) & ((temperature > 80) | (pressure > 10))) -> (shutdown = 1)),"Within what time frame (if any) must the shutdown occur after temperature exceeds 80 or pressure exceeds 10 while override is inactive, or should shutdown be required to hold immediately and continuously whenever that condition is true?"
MR-078,Clarify-inspired Anthropic,clarify,clarifystl-inspired-anthropic-v1,NLSTL150-118,0,"Formula exact, but clarification question may target the wrong slot",(speed = 0) U (light_green = 1),(speed = 0) U (light_green = 1),"What exact speed value or threshold defines 'stopped' (e.g., speed == 0, or speed < some epsilon)?"
MR-079,OpenAI direct,openai,gpt-5.6-terra,NLSTL150-120,0,Valid but non-identical formula; semantic equivalence not established,"G(rise(object_ready) -> F[0,5](G[0,10](at_inspection_fixture)))","G(rise(object_ready = 1) -> F[0,5](G[0,10](at_inspection_fixture = 1)))","What time bound defines “soon,” what duration defines “for a while,” and should the requirement be triggered by rise(object_ready) or by object_ready being true?"
MR-079,Anthropic direct,anthropic,claude-sonnet-5,NLSTL150-120,0,Valid but non-identical formula; semantic equivalence not established,"G(rise(object_ready) -> F[0,5](G[0,10](at_inspection_fixture)))","G(rise(object_ready = 1) -> F[0,5](G[0,10](at_inspection_fixture = 1)))","What are the exact time bounds (e.g., numeric interval [a,b]) for 'soon' (the deadline to reach at_inspection_fixture after object_ready rises) and for 'for a while' (the duration the object must remain at_inspection_fixture)?"
MR-080,Clarify-inspired OpenAI,clarify,clarifystl-inspired-openai-v1,NLSTL150-120,0,Valid but non-identical formula; semantic equivalence not established,"G(rise(object_ready) -> F[0,5](at_inspection_fixture & G[0,10](at_inspection_fixture)))","G(rise(object_ready = 1) -> F[0,5](G[0,10](at_inspection_fixture = 1)))","Should the obligation start at rise(object_ready), and what exact deadline for reaching at_inspection_fixture and minimum holding duration are required?"
MR-080,Clarify-inspired Anthropic,clarify,clarifystl-inspired-anthropic-v1,NLSTL150-120,0,Valid but non-identical formula; semantic equivalence not established,"G(rise(object_ready) -> F[0,5](at_inspection_fixture & G[0,10](at_inspection_fixture)))","G(rise(object_ready = 1) -> F[0,5](G[0,10](at_inspection_fixture = 1)))","What are the exact numeric time bounds: within how many seconds after object_ready must at_inspection_fixture become true, and for how many seconds must it then remain true?"
MR-081,OpenAI direct,openai,gpt-5.6-terra,NLSTL150-121,0,Valid but non-identical formula; semantic equivalence not established,G(abs(robot_linear_x - cmd_linear_x) <= 0.5),G(abs(cmd_linear_x - robot_linear_x) <= 0.5),
MR-081,Anthropic direct,anthropic,claude-sonnet-5,NLSTL150-121,0,Valid but non-identical formula; semantic equivalence not established,G(abs(robot_linear_x - cmd_linear_x) <= 0.5),G(abs(cmd_linear_x - robot_linear_x) <= 0.5),
MR-081,Clarify-inspired OpenAI,clarify,clarifystl-inspired-openai-v1,NLSTL150-121,0,Valid but non-identical formula; semantic equivalence not established,G(abs(robot_linear_x - cmd_linear_x) <= 0.5),G(abs(cmd_linear_x - robot_linear_x) <= 0.5),
MR-081,Clarify-inspired Anthropic,clarify,clarifystl-inspired-anthropic-v1,NLSTL150-121,0,Valid but non-identical formula; semantic equivalence not established,G(abs(robot_linear_x - cmd_linear_x) <= 0.5),G(abs(cmd_linear_x - robot_linear_x) <= 0.5),
MR-082,Clarify-inspired Anthropic,clarify,clarifystl-inspired-anthropic-v1,NLSTL150-123,0,Valid but non-identical formula; semantic equivalence not established,"G((distance(rob2_pos,rob1_pos) < d) -> F[0,T](distance(rob1_pos,L) < d_prime))","G((distance(rob1_pos, rob2_pos) < d) -> F[0,T](distance(rob1_pos, L) < d_prime))",
MR-083,Anthropic direct,anthropic,claude-sonnet-5,NLSTL150-123,0,Valid but non-identical formula; semantic equivalence not established,"G(distance(rob2_pos, rob1_pos) < d -> F[0,T](distance(rob1_pos, L) < d_prime))","G((distance(rob1_pos, rob2_pos) < d) -> F[0,T](distance(rob1_pos, L) < d_prime))",
MR-084,OpenAI direct,openai,gpt-5.6-terra,NLSTL150-125,0,Valid but non-identical formula; semantic equivalence not established,"G((cmd >= m) -> F[0,T](G[0,t](abs(pos - cmd) < n)))","G((cmd >= m) -> F[0,T](G[0,t](abs(cmd - pos) < n)))",
MR-084,Anthropic direct,anthropic,claude-sonnet-5,NLSTL150-125,0,Valid but non-identical formula; semantic equivalence not established,"G((cmd >= m) -> F[0,T](G[0,t](abs(pos - cmd) < n)))","G((cmd >= m) -> F[0,T](G[0,t](abs(cmd - pos) < n)))",
MR-085,OpenAI direct,openai,gpt-5.6-terra,NLSTL150-126,0,Valid but non-identical formula; semantic equivalence not established,"G[0,10](abs(robot_angular_z - cmd_angular_z) <= 0.2)","G[0,10](abs(cmd_angular_z - robot_angular_z) <= 0.2)",
MR-085,Anthropic direct,anthropic,claude-sonnet-5,NLSTL150-126,0,Valid but non-identical formula; semantic equivalence not established,"G[0,10](abs(robot_angular_z - cmd_angular_z) <= 0.2)","G[0,10](abs(cmd_angular_z - robot_angular_z) <= 0.2)",
MR-085,Clarify-inspired OpenAI,clarify,clarifystl-inspired-openai-v1,NLSTL150-126,0,Valid but non-identical formula; semantic equivalence not established,"G[0,10](abs(robot_angular_z - cmd_angular_z) <= 0.2)","G[0,10](abs(cmd_angular_z - robot_angular_z) <= 0.2)",
MR-085,Clarify-inspired Anthropic,clarify,clarifystl-inspired-anthropic-v1,NLSTL150-126,0,Valid but non-identical formula; semantic equivalence not established,"G[0,10](abs(robot_angular_z - cmd_angular_z) <= 0.2)","G[0,10](abs(cmd_angular_z - robot_angular_z) <= 0.2)",
MR-086,OpenAI direct,openai,gpt-5.6-terra,NLSTL150-128,0,Valid but non-identical formula; semantic equivalence not established,"G(AND_{i,j: i < j}(distance(p_i,p_j) >= d_safe))","G(AND_{i<j}(distance(p_i,p_j) >= d_safe))",
MR-087,Anthropic direct,anthropic,claude-sonnet-5,NLSTL150-128,0,Valid but non-identical formula; semantic equivalence not established,"G(AND_{i,j} (distance(p_i,p_j) >= d_safe))","G(AND_{i<j}(distance(p_i,p_j) >= d_safe))",
MR-088,OpenAI direct,openai,gpt-5.6-terra,NLSTL150-129,0,Valid but non-identical formula; semantic equivalence not established,"F[10,20](in_A_r1 = 1) & F[15,25](in_B_r2 = 1)","F[10,20](in_A_r1) & F[15,25](in_B_r2)",
MR-088,Anthropic direct,anthropic,claude-sonnet-5,NLSTL150-129,0,Valid but non-identical formula; semantic equivalence not established,"F[10,20](in_A_r1 = 1) & F[15,25](in_B_r2 = 1)","F[10,20](in_A_r1) & F[15,25](in_B_r2)",
MR-088,Clarify-inspired OpenAI,clarify,clarifystl-inspired-openai-v1,NLSTL150-129,0,Valid but non-identical formula; semantic equivalence not established,"F[10,20](in_A_r1 = 1) & F[15,25](in_B_r2 = 1)","F[10,20](in_A_r1) & F[15,25](in_B_r2)",
MR-088,Clarify-inspired Anthropic,clarify,clarifystl-inspired-anthropic-v1,NLSTL150-129,0,Valid but non-identical formula; semantic equivalence not established,"F[10,20](in_A_r1 = 1) & F[15,25](in_B_r2 = 1)","F[10,20](in_A_r1) & F[15,25](in_B_r2)",
MR-089,Anthropic direct,anthropic,claude-sonnet-5,NLSTL150-130,0,Valid but non-identical formula; semantic equivalence not established,"F[0,120](sample_region & F(communication_region))","F[0,120](sample_region & F[0,120](communication_region))",
MR-090,Anthropic direct,anthropic,claude-sonnet-5,NLSTL150-131,0,Valid but non-identical formula; semantic equivalence not established,"G[0,300](OR_i(F[0,30](in_surveillance(robot_i))))","G[0,300](F[0,30](OR_i(in_surveillance(robot_i))))",
MR-091,OpenAI direct,openai,gpt-5.6-terra,NLSTL150-132,0,Valid but non-identical formula; semantic equivalence not established,"(door_open = 1) U[0,40] ((crossed_r1 = 1) & (crossed_r2 = 1))","(door_open = 1) U[0,40] (crossed_r1 & crossed_r2)",
MR-092,Anthropic direct,anthropic,claude-sonnet-5,NLSTL150-132,0,Valid but non-identical formula; semantic equivalence not established,"(door_open) U[0,40] (crossed_r1 & crossed_r2)","(door_open = 1) U[0,40] (crossed_r1 & crossed_r2)",
MR-092,Clarify-inspired Anthropic,clarify,clarifystl-inspired-anthropic-v1,NLSTL150-132,0,Valid but non-identical formula; semantic equivalence not established,"(door_open) U[0,40] (crossed_r1 & crossed_r2)","(door_open = 1) U[0,40] (crossed_r1 & crossed_r2)",
MR-093,Anthropic direct,anthropic,claude-sonnet-5,NLSTL150-133,0,Valid but non-identical formula; semantic equivalence not established,"G((fire_alarm_event -> F[0,20](at_exit)))","G(fire_alarm_event -> F[0,20](at_exit = 1))",
MR-094,Clarify-inspired OpenAI,clarify,clarifystl-inspired-openai-v1,NLSTL150-133,0,Valid but non-identical formula; semantic equivalence not established,"G((fire_alarm_event = 1) -> F[0,20](at_exit = 1))","G(fire_alarm_event -> F[0,20](at_exit = 1))",
MR-094,Clarify-inspired Anthropic,clarify,clarifystl-inspired-anthropic-v1,NLSTL150-133,0,Valid but non-identical formula; semantic equivalence not established,"G((fire_alarm_event = 1) -> F[0,20](at_exit = 1))","G(fire_alarm_event -> F[0,20](at_exit = 1))",
MR-095,OpenAI direct,openai,gpt-5.6-terra,NLSTL150-133,0,Valid but non-identical formula; semantic equivalence not established,"G(fire_alarm_event -> F[0,20](at_exit))","G(fire_alarm_event -> F[0,20](at_exit = 1))",
MR-096,Clarify-inspired Anthropic,clarify,clarifystl-inspired-anthropic-v1,NLSTL150-134,0,Valid but non-identical formula; semantic equivalence not established,"G((pickup_request_event = 1) -> F[0,30](robot_at_pickup = 1))","G(pickup_request_event -> F[0,30](robot_at_pickup = 1))",
MR-097,Anthropic direct,anthropic,claude-sonnet-5,NLSTL150-134,0,Valid but non-identical formula; semantic equivalence not established,"G((pickup_request_event) -> F[0,30](robot_at_pickup))","G(pickup_request_event -> F[0,30](robot_at_pickup = 1))",
MR-098,OpenAI direct,openai,gpt-5.6-terra,NLSTL150-134,0,Valid but non-identical formula; semantic equivalence not established,"G(pickup_request_event -> F[0,30](robot_at_pickup))","G(pickup_request_event -> F[0,30](robot_at_pickup = 1))",
MR-099,Clarify-inspired OpenAI,clarify,clarifystl-inspired-openai-v1,NLSTL150-134,0,Valid but non-identical formula; semantic equivalence not established,"G(pickup_request_event = 1 -> F[0,30](robot_at_pickup = 1))","G(pickup_request_event -> F[0,30](robot_at_pickup = 1))",
MR-100,Clarify-inspired OpenAI,clarify,clarifystl-inspired-openai-v1,NLSTL150-135,0,Valid but non-identical formula; semantic equivalence not established,"G(((door_close_event = 1) & (in_doorway = 1)) -> F[0,2](in_doorway = 0))","G((door_close_event & in_doorway) -> F[0,2](!(in_doorway)))",
MR-101,Clarify-inspired OpenAI,clarify,clarifystl-inspired-openai-v1,NLSTL150-136,0,Valid but non-identical formula; semantic equivalence not established,"G((delivery_event = 1) -> F[0,45](OR_i(in_delivery_zone(robot_i) = 1)))","G(delivery_event -> F[0,45](OR_i(in_delivery_zone(robot_i))))",
MR-102,OpenAI direct,openai,gpt-5.6-terra,NLSTL150-137,0,Valid but non-identical formula; semantic equivalence not established,"G(guard_event -> (in_guard_region U[0,120] release_event))","G(guard_event -> ((in_guard_region = 1) U[0,120] release_event))",
MR-102,Anthropic direct,anthropic,claude-sonnet-5,NLSTL150-137,0,Valid but non-identical formula; semantic equivalence not established,"G(guard_event -> (in_guard_region U[0,120] release_event))","G(guard_event -> ((in_guard_region = 1) U[0,120] release_event))",
MR-103,Clarify-inspired Anthropic,clarify,clarifystl-inspired-anthropic-v1,NLSTL150-138,0,Valid but non-identical formula; semantic equivalence not established,"G((inspection_event = 1) -> (F[0,20](in_A_r1 = 1) & F[0,25](in_B_r2 = 1)))","G(inspection_event -> (F[0,20](in_A_r1) & F[0,25](in_B_r2)))",
MR-104,Anthropic direct,anthropic,claude-sonnet-5,NLSTL150-140,0,Valid but non-identical formula; semantic equivalence not established,"G[0,H](y <= lane_left_bound & y >= lane_right_bound)","G[0,H]((y >= lane_left_bound) & (y <= lane_right_bound))",
MR-104,Clarify-inspired Anthropic,clarify,clarifystl-inspired-anthropic-v1,NLSTL150-140,0,Valid but non-identical formula; semantic equivalence not established,"G[0,H](y <= lane_left_bound & y >= lane_right_bound)","G[0,H]((y >= lane_left_bound) & (y <= lane_right_bound))",
MR-105,Anthropic direct,anthropic,claude-sonnet-5,NLSTL150-144,0,Valid but non-identical formula; semantic equivalence not established,"F[0,30](destination = 1) & G[0,30](in_lane = 1 & obstacle_distance >= 2)","F[0,30](destination = 1) & G[0,30](in_lane = 1) & G[0,30](obstacle_distance >= 2)",
MR-106,OpenAI direct,openai,gpt-5.6-terra,NLSTL150-144,0,Valid but non-identical formula; semantic equivalence not established,"G[0,30]((in_lane = 1 & obstacle_distance >= 2)) & F[0,30](destination = 1)","F[0,30](destination = 1) & G[0,30](in_lane = 1) & G[0,30](obstacle_distance >= 2)",
MR-107,Clarify-inspired OpenAI,clarify,clarifystl-inspired-openai-v1,NLSTL150-145,0,Valid but non-identical formula; semantic equivalence not established,"F[2,4](in_A = 1) & G[2,8](!(in_B = 1))","F[2,4](in_A) & G[2,8](!(in_B))",
MR-108,OpenAI direct,openai,gpt-5.6-terra,NLSTL150-149,0,Valid but non-identical formula; semantic equivalence not established,G((insertion_phase = 1) -> (contact_force < 20)),G(insertion_phase -> (contact_force < 20)),
MR-108,Clarify-inspired Anthropic,clarify,clarifystl-inspired-anthropic-v1,NLSTL150-149,0,Valid but non-identical formula; semantic equivalence not established,G((insertion_phase = 1) -> (contact_force < 20)),G(insertion_phase -> (contact_force < 20)),
MR-109,Anthropic direct,anthropic,claude-sonnet-5,NLSTL150-150,0,Valid but non-identical formula; semantic equivalence not established,"F[0,15](object_in_target = 1) & G(end_effector_in_forbidden = 0)","F[0,15](object_in_target = 1) & G(!(end_effector_in_forbidden = 1))",
MR-110,OpenAI direct,openai,gpt-5.6-terra,NLSTL150-150,0,Valid but non-identical formula; semantic equivalence not established,"F[0,15](object_in_target) & G(!(end_effector_in_forbidden))","F[0,15](object_in_target = 1) & G(!(end_effector_in_forbidden = 1))",
